Folder,Clip,Human_Bird_Label,Microfaune_Global_Score
XCSelection,Akletos-goeldii-62.wav,y,[0.05471316]
XCSelection,Akletos-goeldii-527.wav,y,[0.97388124]
XCSelection,Akletos-goeldii-10807.wav,y,[0.94155246]
XCSelection,Akletos-goeldii-11792.wav,y,[0.9220264]
XCSelection,Akletos-goeldii-14062.wav,y,[0.09550813]
XCSelection,Akletos-goeldii-14063.wav,y,[0.9790095]
XCSelection,Akletos-goeldii-14064.wav,y,[0.9845431]
XCSelection,Akletos-goeldii-29751.wav,y,[0.363045]
XCSelection,Akletos-goeldii-35391.wav,y,[0.5591372]
XCSelection,Akletos-goeldii-39742.wav,y,[0.9705576]
XCSelection,Akletos-goeldii-39743.wav,y,[0.70058036]
XCSelection,Akletos-goeldii-39780.wav,y,[0.72807914]
XCSelection,Akletos-goeldii-39781.wav,y,[0.89922655]
XCSelection,Akletos-goeldii-40313.wav,y,[0.87010145]
XCSelection,Akletos-goeldii-63711.wav,y,[0.11576369]
XCSelection,Akletos-goeldii-63712.wav,y,[0.77346134]
XCSelection,Akletos-goeldii-63713.wav,y,[0.03719923]
XCSelection,Akletos-goeldii-63714.wav,y,[0.52808744]
XCSelection,Akletos-goeldii-63715.wav,y,[0.01004726]
XCSelection,Akletos-goeldii-63716.wav,y,[0.33465442]
XCSelection,Akletos-goeldii-63717.wav,y,[0.15902007]
XCSelection,Akletos-goeldii-63718.wav,y,[0.03731218]
XCSelection,Akletos-goeldii-73870.wav,y,[0.82555807]
XCSelection,Akletos-goeldii-73871.wav,y,[0.43036902]
XCSelection,Akletos-goeldii-73872.wav,y,[0.9616114]
XCSelection,Akletos-goeldii-73873.wav,y,[0.9892668]
XCSelection,Akletos-goeldii-73874.wav,y,[0.18431434]
XCSelection,Akletos-goeldii-98426.wav,y,[0.18836305]
XCSelection,Akletos-goeldii-98427.wav,y,[0.95523596]
XCSelection,Akletos-goeldii-99814.wav,y,[0.33726233]
XCSelection,Akletos-goeldii-122282.wav,y,[0.9116633]
XCSelection,Akletos-goeldii-122298.wav,y,[0.97941256]
XCSelection,Akletos-goeldii-122299.wav,y,[0.783998]
XCSelection,Akletos-goeldii-122316.wav,y,[0.9119961]
XCSelection,Akletos-goeldii-122335.wav,y,[0.17408496]
XCSelection,Akletos-goeldii-122562.wav,y,[0.6938502]
XCSelection,Akletos-goeldii-122564.wav,y,[0.35320938]
XCSelection,Akletos-goeldii-208612.wav,y,[0.4416133]
XCSelection,Akletos-goeldii-226323.wav,y,[0.7727304]
XCSelection,Automolus-ochrolaemus-85.wav,y,[0.06025648]
XCSelection,Automolus-ochrolaemus-535.wav,y,[0.14370948]
XCSelection,Automolus-ochrolaemus-8361.wav,y,[0.85983586]
XCSelection,Automolus-ochrolaemus-8538.wav,y,[0.75861734]
XCSelection,Automolus-ochrolaemus-13424.wav,y,[0.95954937]
XCSelection,Automolus-ochrolaemus-21818.wav,y,[0.37535542]
XCSelection,Automolus-ochrolaemus-27765.wav,y,[0.5575776]
XCSelection,Automolus-ochrolaemus-35355.wav,y,[0.88732994]
XCSelection,Automolus-ochrolaemus-36499.wav,y,[0.9549591]
XCSelection,Automolus-ochrolaemus-39698.wav,y,[0.08363762]
XCSelection,Automolus-ochrolaemus-39699.wav,y,[0.01992619]
XCSelection,Automolus-ochrolaemus-63159.wav,y,[0.74143934]
XCSelection,Automolus-ochrolaemus-63165.wav,y,[0.97668993]
XCSelection,Automolus-ochrolaemus-65569.wav,y,[0.06852219]
XCSelection,Automolus-ochrolaemus-67678.wav,y,[0.8110504]
XCSelection,Automolus-ochrolaemus-67679.wav,y,[0.6137564]
XCSelection,Automolus-ochrolaemus-76006.wav,y,[0.4826051]
XCSelection,Automolus-ochrolaemus-87853.wav,y,[0.01079962]
XCSelection,Automolus-ochrolaemus-97351.wav,y,[0.70279235]
XCSelection,Automolus-ochrolaemus-122754.wav,y,[0.9781686]
XCSelection,Automolus-ochrolaemus-151808.wav,y,[0.2215825]
XCSelection,Automolus-ochrolaemus-153253.wav,y,[0.16103205]
XCSelection,Automolus-ochrolaemus-270608.wav,y,[0.38678634]
XCSelection,Automolus-ochrolaemus-437490.wav,y,[0.985188]
XCSelection,Automolus-ochrolaemus-453535.wav,y,[0.3568107]
XCSelection,Automolus-rufipileatus-55.wav,y,[0.18829551]
XCSelection,Automolus-rufipileatus-222.wav,y,[0.14845076]
XCSelection,Automolus-rufipileatus-13425.wav,y,[0.01044026]
XCSelection,Automolus-rufipileatus-39048.wav,y,[0.2111527]
XCSelection,Automolus-rufipileatus-39701.wav,y,[0.9844123]
XCSelection,Automolus-rufipileatus-41513.wav,y,[0.32274425]
XCSelection,Automolus-rufipileatus-41514.wav,y,[0.85099936]
XCSelection,Automolus-rufipileatus-41515.wav,y,[0.9812498]
XCSelection,Automolus-rufipileatus-47553.wav,y,[0.04329702]
XCSelection,Automolus-rufipileatus-60993.wav,y,[0.06111023]
XCSelection,Automolus-rufipileatus-63168.wav,y,[0.1489346]
XCSelection,Automolus-rufipileatus-63169.wav,y,[0.0269151]
XCSelection,Automolus-rufipileatus-63170.wav,y,[0.01049644]
XCSelection,Automolus-rufipileatus-73213.wav,y,[0.67306453]
XCSelection,Automolus-rufipileatus-76087.wav,y,[0.21640903]
XCSelection,Automolus-rufipileatus-122274.wav,y,[0.89675206]
XCSelection,Automolus-rufipileatus-122281.wav,y,[0.9747468]
XCSelection,Automolus-rufipileatus-201955.wav,y,[0.54397887]
XCSelection,Automolus-rufipileatus-203190.wav,y,[0.87457657]
XCSelection,Automolus-rufipileatus-203191.wav,y,[0.98626006]
XCSelection,Automolus-rufipileatus-219498.wav,y,[0.941207]
XCSelection,Automolus-rufipileatus-270609.wav,y,[0.62507075]
XCSelection,Cacicus-cela-96.wav,y,[0.8074945]
XCSelection,Cacicus-cela-97.wav,y,[0.31865388]
XCSelection,Cacicus-cela-8638.wav,y,[0.2596374]
XCSelection,Cacicus-cela-39709.wav,y,[0.8371644]
XCSelection,Cacicus-cela-47440.wav,y,[0.99035704]
XCSelection,Cacicus-cela-47441.wav,y,[0.9891137]
XCSelection,Cacicus-cela-63199.wav,y,[0.116043]
XCSelection,Cacicus-cela-91440.wav,y,[0.98510575]
XCSelection,Cacicus-cela-91441.wav,y,[0.48266202]
XCSelection,Cacicus-cela-99818.wav,y,[0.9934485]
XCSelection,Cacicus-cela-122293.wav,y,[0.9641715]
XCSelection,Cacicus-cela-122607.wav,y,[0.99283147]
XCSelection,Cacicus-cela-123261.wav,y,[0.987834]
XCSelection,Cacicus-cela-123271.wav,y,[0.9833753]
XCSelection,Cacicus-cela-259950.wav,y,[0.15497091]
XCSelection,Cercomacroides-fuscicauda-13375.wav,y,[0.5074501]
XCSelection,Cercomacroides-fuscicauda-27758.wav,y,[0.987404]
XCSelection,Cercomacroides-fuscicauda-35357.wav,y,[0.44898158]
XCSelection,Cercomacroides-fuscicauda-36504.wav,y,[0.01340163]
XCSelection,Cercomacroides-fuscicauda-36505.wav,y,[0.9740509]
XCSelection,Cercomacroides-fuscicauda-41537.wav,y,[0.9487068]
XCSelection,Cercomacroides-fuscicauda-47471.wav,y,[0.96728456]
XCSelection,Cercomacroides-fuscicauda-47550.wav,y,[0.98478305]
XCSelection,Cercomacroides-fuscicauda-57243.wav,y,[0.9830596]
XCSelection,Cercomacroides-fuscicauda-63248.wav,y,[0.44237414]
XCSelection,Cercomacroides-fuscicauda-63249.wav,y,[0.5705666]
XCSelection,Cercomacroides-fuscicauda-67907.wav,y,[0.51055926]
XCSelection,Cercomacroides-fuscicauda-73343.wav,y,[0.26048332]
XCSelection,Cercomacroides-fuscicauda-73344.wav,y,[0.9915358]
XCSelection,Cercomacroides-fuscicauda-73345.wav,y,[0.97841835]
XCSelection,Cercomacroides-fuscicauda-122326.wav,y,[0.950688]
XCSelection,Cercomacroides-fuscicauda-122774.wav,y,[0.9039141]
XCSelection,Cercomacroides-fuscicauda-123098.wav,y,[0.99077785]
XCSelection,Cercomacroides-fuscicauda-123099.wav,y,[0.97786397]
XCSelection,Cercomacroides-fuscicauda-150316.wav,y,[0.96339387]
XCSelection,Cercomacroides-fuscicauda-150319.wav,y,[0.7198125]
XCSelection,Cercomacroides-fuscicauda-270641.wav,y,[0.19852674]
XCSelection,Cercomacroides-fuscicauda-270642.wav,y,[0.67768043]
XCSelection,Cercomacroides-fuscicauda-453602.wav,y,[0.9832482]
XCSelection,Cercomacroides-fuscicauda-463693.wav,y,[0.36832967]
XCSelection,Cercomacroides-fuscicauda-487976.wav,y,[0.9580786]
XCSelection,Cercomacroides-serva-79.wav,y,[0.04434639]
XCSelection,Cercomacroides-serva-8335.wav,y,[0.9428601]
XCSelection,Cercomacroides-serva-8365.wav,y,[0.682811]
XCSelection,Cercomacroides-serva-11909.wav,y,[0.6512463]
XCSelection,Cercomacroides-serva-13348.wav,y,[0.78934455]
XCSelection,Cercomacroides-serva-13374.wav,y,[0.03525302]
XCSelection,Cercomacroides-serva-21084.wav,y,[0.65788656]
XCSelection,Cercomacroides-serva-22909.wav,y,[0.3178855]
XCSelection,Cercomacroides-serva-39346.wav,y,[0.7736129]
XCSelection,Cercomacroides-serva-47601.wav,y,[0.9911208]
XCSelection,Cercomacroides-serva-47602.wav,y,[0.90990484]
XCSelection,Cercomacroides-serva-63255.wav,y,[0.980724]
XCSelection,Cercomacroides-serva-63256.wav,y,[0.387842]
XCSelection,Cercomacroides-serva-67909.wav,y,[0.09641457]
XCSelection,Cercomacroides-serva-73348.wav,y,[0.9703039]
XCSelection,Cercomacroides-serva-73349.wav,y,[0.5850793]
XCSelection,Cercomacroides-serva-73350.wav,y,[0.9922681]
XCSelection,Cercomacroides-serva-73351.wav,y,[0.03971508]
XCSelection,Cercomacroides-serva-73352.wav,y,[0.6690873]
XCSelection,Cercomacroides-serva-73353.wav,y,[0.5095181]
XCSelection,Cercomacroides-serva-73354.wav,y,[0.9779918]
XCSelection,Cercomacroides-serva-83463.wav,y,[0.7194786]
XCSelection,Cercomacroides-serva-88568.wav,y,[0.08169058]
XCSelection,Cercomacroides-serva-97088.wav,y,[0.14036015]
XCSelection,Cercomacroides-serva-122584.wav,y,[0.21920893]
XCSelection,Cercomacroides-serva-122752.wav,y,[0.8502011]
XCSelection,Cercomacroides-serva-123209.wav,y,[0.75127935]
XCSelection,Cercomacroides-serva-123310.wav,y,[0.65295434]
XCSelection,Cercomacroides-serva-151780.wav,y,[0.8401625]
XCSelection,Cercomacroides-serva-152490.wav,y,[0.16647676]
XCSelection,Cercomacroides-serva-453511.wav,y,[0.9870613]
XCSelection,Chiroxiphia-boliviana-10824.wav,y,[0.15266612]
XCSelection,Chiroxiphia-boliviana-22968.wav,y,[0.9814681]
XCSelection,Chiroxiphia-boliviana-23021.wav,y,[0.9311907]
XCSelection,Chiroxiphia-boliviana-30214.wav,y,[0.92365474]
XCSelection,Chiroxiphia-boliviana-30224.wav,y,[0.6005991]
XCSelection,Chiroxiphia-boliviana-45849.wav,y,[0.9919138]
XCSelection,Chiroxiphia-boliviana-45850.wav,y,[0.9940779]
XCSelection,Chiroxiphia-boliviana-63279.wav,y,[0.9860363]
XCSelection,Chiroxiphia-boliviana-82776.wav,y,[0.9323541]
XCSelection,Chiroxiphia-boliviana-97042.wav,y,[0.9206237]
XCSelection,Chiroxiphia-boliviana-105400.wav,y,[0.9520529]
XCSelection,Chiroxiphia-boliviana-112533.wav,y,[0.93754494]
XCSelection,Chiroxiphia-boliviana-150606.wav,y,[0.67275]
XCSelection,Chiroxiphia-boliviana-150612.wav,y,[0.09327808]
XCSelection,Colaptes-rupicola-20664.wav,y,[0.8551831]
XCSelection,Colaptes-rupicola-20665.wav,y,[0.96817756]
XCSelection,Colaptes-rupicola-27749.wav,y,[0.3206436]
XCSelection,Colaptes-rupicola-30081.wav,y,[0.99434257]
XCSelection,Colaptes-rupicola-47167.wav,y,[0.99323785]
XCSelection,Colaptes-rupicola-47169.wav,y,[0.9931696]
XCSelection,Colaptes-rupicola-47171.wav,y,[0.8594862]
XCSelection,Colaptes-rupicola-47172.wav,y,[0.90373254]
XCSelection,Colaptes-rupicola-47221.wav,y,[0.8168029]
XCSelection,Colaptes-rupicola-47222.wav,y,[0.58908284]
XCSelection,Colaptes-rupicola-47223.wav,y,[0.9808222]
XCSelection,Colaptes-rupicola-47224.wav,y,[0.9759582]
XCSelection,Colaptes-rupicola-74857.wav,y,[0.9827416]
XCSelection,Colaptes-rupicola-74858.wav,y,[0.7910832]
XCSelection,Colaptes-rupicola-87824.wav,y,[0.67478764]
XCSelection,Colaptes-rupicola-120311.wav,y,[0.7176969]
XCSelection,Colaptes-rupicola-141777.wav,y,[0.56484056]
XCSelection,Colaptes-rupicola-185175.wav,y,[0.02870119]
XCSelection,Colibri-cyanotus-3012.wav,y,[0.10666299]
XCSelection,Colibri-cyanotus-3013.wav,y,[0.32708594]
XCSelection,Colibri-cyanotus-34343.wav,y,[0.0126372]
XCSelection,Colibri-cyanotus-34344.wav,y,[0.02903873]
XCSelection,Colibri-cyanotus-36228.wav,y,[0.39761114]
XCSelection,Colibri-cyanotus-47227.wav,y,[0.9650402]
XCSelection,Colibri-cyanotus-47228.wav,y,[0.98119247]
XCSelection,Colibri-cyanotus-82779.wav,y,[0.00835302]
XCSelection,Colibri-cyanotus-144641.wav,y,[0.6334827]
XCSelection,Colibri-cyanotus-183738.wav,y,[0.2724628]
XCSelection,Colibri-cyanotus-277130.wav,y,[0.9921507]
XCSelection,Cranioleuca-marcapatae-36514.wav,y,[0.97502685]
XCSelection,Cranioleuca-marcapatae-64098.wav,y,[0.00799853]
XCSelection,Cranioleuca-marcapatae-74362.wav,y,[0.90849966]
XCSelection,Cranioleuca-marcapatae-74363.wav,y,[0.99376905]
XCSelection,Cranioleuca-marcapatae-74478.wav,y,[0.9870666]
XCSelection,Cranioleuca-marcapatae-74479.wav,y,[0.99267167]
XCSelection,Cranioleuca-marcapatae-74480.wav,y,[0.98609626]
XCSelection,Cranioleuca-marcapatae-88006.wav,y,[0.5282084]
XCSelection,Cranioleuca-marcapatae-88041.wav,y,[0.9938799]
XCSelection,Cranioleuca-marcapatae-88044.wav,y,[0.9936087]
XCSelection,Cranioleuca-marcapatae-88046.wav,y,[0.9419629]
XCSelection,Cranioleuca-marcapatae-88047.wav,y,[0.8638759]
XCSelection,Cranioleuca-marcapatae-88048.wav,y,[0.98816836]
XCSelection,Cranioleuca-marcapatae-152855.wav,y,[0.55111]
XCSelection,Cranioleuca-marcapatae-152968.wav,y,[0.99136746]
XCSelection,Cranioleuca-marcapatae-197353.wav,y,[0.9551785]
XCSelection,Cranioleuca-marcapatae-197355.wav,y,[0.9464252]
XCSelection,Cranioleuca-marcapatae-221719.wav,y,[0.9729977]
XCSelection,Crypturellus-cinereus-202.wav,y,[0.03902039]
XCSelection,Crypturellus-cinereus-13439.wav,y,[0.04454422]
XCSelection,Crypturellus-cinereus-13440.wav,y,[0.13066214]
XCSelection,Crypturellus-cinereus-21101.wav,y,[0.12219557]
XCSelection,Crypturellus-cinereus-27770.wav,y,[0.18098041]
XCSelection,Crypturellus-cinereus-29550.wav,y,[0.03342089]
XCSelection,Crypturellus-cinereus-33200.wav,y,[0.19587144]
XCSelection,Crypturellus-cinereus-35361.wav,y,[0.00971437]
XCSelection,Crypturellus-cinereus-63323.wav,y,[0.00777215]
XCSelection,Crypturellus-cinereus-63324.wav,y,[0.0983659]
XCSelection,Crypturellus-cinereus-63325.wav,y,[0.36512923]
XCSelection,Crypturellus-cinereus-63326.wav,y,[0.0092907]
XCSelection,Crypturellus-cinereus-97090.wav,y,[0.8134266]
XCSelection,Crypturellus-cinereus-122334.wav,y,[0.8610486]
XCSelection,Crypturellus-cinereus-122569.wav,y,[0.4560619]
XCSelection,Crypturellus-cinereus-122570.wav,y,[0.5171373]
XCSelection,Crypturellus-cinereus-221818.wav,y,[0.80102336]
XCSelection,Crypturellus-cinereus-221819.wav,y,[0.23260337]
XCSelection,Crypturellus-cinereus-453540.wav,y,[0.46694806]
XCSelection,Crypturellus-undulatus-95.wav,y,[0.06887954]
XCSelection,Crypturellus-undulatus-517.wav,y,[0.00888243]
XCSelection,Crypturellus-undulatus-11400.wav,y,[0.84028995]
XCSelection,Crypturellus-undulatus-14492.wav,y,[0.02423275]
XCSelection,Crypturellus-undulatus-34346.wav,y,[0.78354824]
XCSelection,Crypturellus-undulatus-38968.wav,y,[0.78685594]
XCSelection,Crypturellus-undulatus-39721.wav,y,[0.9181128]
XCSelection,Crypturellus-undulatus-40629.wav,y,[0.01417539]
XCSelection,Crypturellus-undulatus-63333.wav,y,[0.00912663]
XCSelection,Crypturellus-undulatus-63334.wav,y,[0.01142204]
XCSelection,Crypturellus-undulatus-63335.wav,y,[0.01556522]
XCSelection,Crypturellus-undulatus-76097.wav,y,[0.5801005]
XCSelection,Crypturellus-undulatus-87867.wav,y,[0.561376]
XCSelection,Crypturellus-undulatus-99817.wav,y,[0.02671021]
XCSelection,Crypturellus-undulatus-270671.wav,y,[0.90766066]
XCSelection,Crypturellus-undulatus-453629.wav,y,[0.1647014]
XCSelection,Crypturellus-undulatus-463861.wav,y,[0.01892194]
XCSelection,Cyanolyca-viridicyanus-8443.wav,y,[0.80705965]
XCSelection,Cyanolyca-viridicyanus-10353.wav,y,[0.9457971]
XCSelection,Cyanolyca-viridicyanus-10833.wav,y,[0.2760116]
XCSelection,Cyanolyca-viridicyanus-10834.wav,y,[0.9917964]
XCSelection,Cyanolyca-viridicyanus-11913.wav,y,[0.59569126]
XCSelection,Cyanolyca-viridicyanus-18883.wav,y,[0.05912453]
XCSelection,Cyanolyca-viridicyanus-18889.wav,y,[0.03224292]
XCSelection,Cyanolyca-viridicyanus-18905.wav,y,[0.89536965]
XCSelection,Cyanolyca-viridicyanus-27852.wav,y,[0.984776]
XCSelection,Cyanolyca-viridicyanus-28164.wav,y,[0.98873234]
XCSelection,Cyanolyca-viridicyanus-34347.wav,y,[0.56694853]
XCSelection,Cyanolyca-viridicyanus-38877.wav,y,[0.3246928]
XCSelection,Cyanolyca-viridicyanus-38878.wav,y,[0.35993293]
XCSelection,Cyanolyca-viridicyanus-47374.wav,y,[0.9932934]
XCSelection,Cyanolyca-viridicyanus-47375.wav,y,[0.9909908]
XCSelection,Cyanolyca-viridicyanus-47376.wav,y,[0.97307384]
XCSelection,Cyanolyca-viridicyanus-63345.wav,y,[0.472638]
XCSelection,Cyanolyca-viridicyanus-64100.wav,y,[0.00888693]
XCSelection,Cyanolyca-viridicyanus-65281.wav,y,[0.99429226]
XCSelection,Cyanolyca-viridicyanus-152922.wav,y,[0.8355752]
XCSelection,Cyanolyca-viridicyanus-222119.wav,y,[0.97328717]
XCSelection,Cyanolyca-viridicyanus-453706.wav,y,[0.31500804]
XCSelection,Cyclarhis-gujanensis-5619.wav,y,[0.99011886]
XCSelection,Cyclarhis-gujanensis-8297.wav,y,[0.9939864]
XCSelection,Cyclarhis-gujanensis-8636.wav,y,[0.9912537]
XCSelection,Cyclarhis-gujanensis-18793.wav,y,[0.98681426]
XCSelection,Cyclarhis-gujanensis-18836.wav,y,[0.9850495]
XCSelection,Cyclarhis-gujanensis-29857.wav,y,[0.5127809]
XCSelection,Cyclarhis-gujanensis-32104.wav,y,[0.9410511]
XCSelection,Cyclarhis-gujanensis-36219.wav,y,[0.97276455]
XCSelection,Cyclarhis-gujanensis-36220.wav,y,[0.9901744]
XCSelection,Cyclarhis-gujanensis-37721.wav,y,[0.99057335]
XCSelection,Cyclarhis-gujanensis-39723.wav,y,[0.9718952]
XCSelection,Cyclarhis-gujanensis-41293.wav,y,[0.48391104]
XCSelection,Cyclarhis-gujanensis-41295.wav,y,[0.9362694]
XCSelection,Cyclarhis-gujanensis-47377.wav,y,[0.99058115]
XCSelection,Cyclarhis-gujanensis-47378.wav,y,[0.9928336]
XCSelection,Cyclarhis-gujanensis-47379.wav,y,[0.992164]
XCSelection,Cyclarhis-gujanensis-63346.wav,y,[0.9892075]
XCSelection,Cyclarhis-gujanensis-63347.wav,y,[0.9186814]
XCSelection,Cyclarhis-gujanensis-63348.wav,y,[0.98962843]
XCSelection,Cyclarhis-gujanensis-63349.wav,y,[0.94952255]
XCSelection,Cyclarhis-gujanensis-123918.wav,y,[0.97124267]
XCSelection,Cyclarhis-gujanensis-139663.wav,y,[0.9627709]
XCSelection,Cyclarhis-gujanensis-146545.wav,y,[0.7516482]
XCSelection,Cyclarhis-gujanensis-150312.wav,y,[0.98611003]
XCSelection,Cyclarhis-gujanensis-257123.wav,y,[0.9761318]
XCSelection,Cyclarhis-gujanensis-257124.wav,y,[0.23555273]
XCSelection,Cyclarhis-gujanensis-257125.wav,y,[0.49946797]
XCSelection,Cyclarhis-gujanensis-257126.wav,y,[0.00841704]
XCSelection,Cyclarhis-gujanensis-408946.wav,y,[0.9908315]
XCSelection,Cymbilaimus-sanctaemariae-526.wav,y,[0.39483145]
XCSelection,Cymbilaimus-sanctaemariae-13342.wav,y,[0.15267494]
XCSelection,Cymbilaimus-sanctaemariae-23239.wav,y,[0.7340425]
XCSelection,Cymbilaimus-sanctaemariae-39724.wav,y,[0.89385104]
XCSelection,Cymbilaimus-sanctaemariae-40316.wav,y,[0.9113805]
XCSelection,Cymbilaimus-sanctaemariae-41518.wav,y,[0.90241873]
XCSelection,Cymbilaimus-sanctaemariae-63354.wav,y,[0.98317885]
XCSelection,Cymbilaimus-sanctaemariae-63355.wav,y,[0.3800233]
XCSelection,Cymbilaimus-sanctaemariae-63356.wav,y,[0.24189463]
XCSelection,Cymbilaimus-sanctaemariae-73484.wav,y,[0.9909047]
XCSelection,Cymbilaimus-sanctaemariae-73485.wav,y,[0.57593584]
XCSelection,Cymbilaimus-sanctaemariae-73486.wav,y,[0.92197907]
XCSelection,Cymbilaimus-sanctaemariae-73487.wav,y,[0.99208593]
XCSelection,Cymbilaimus-sanctaemariae-73488.wav,y,[0.9935181]
XCSelection,Cymbilaimus-sanctaemariae-73489.wav,y,[0.992247]
XCSelection,Cymbilaimus-sanctaemariae-91572.wav,y,[0.9825853]
XCSelection,Cymbilaimus-sanctaemariae-122783.wav,y,[0.96815646]
XCSelection,Cymbilaimus-sanctaemariae-123145.wav,y,[0.85771906]
XCSelection,Cymbilaimus-sanctaemariae-208594.wav,y,[0.9329278]
XCSelection,Cymbilaimus-sanctaemariae-222173.wav,y,[0.98764133]
XCSelection,Cymbilaimus-sanctaemariae-441841.wav,y,[0.99179184]
XCSelection,Cymbilaimus-sanctaemariae-453505.wav,y,[0.44107828]
XCSelection,Cyphorhinus-thoracicus-13431.wav,y,[0.35355622]
XCSelection,Cyphorhinus-thoracicus-14769.wav,y,[0.52679276]
XCSelection,Cyphorhinus-thoracicus-14770.wav,y,[0.2121965]
XCSelection,Cyphorhinus-thoracicus-20039.wav,y,[0.7349286]
XCSelection,Cyphorhinus-thoracicus-20773.wav,y,[0.8979839]
XCSelection,Cyphorhinus-thoracicus-20774.wav,y,[0.7241253]
XCSelection,Cyphorhinus-thoracicus-22972.wav,y,[0.6102635]
XCSelection,Cyphorhinus-thoracicus-32105.wav,y,[0.42726213]
XCSelection,Cyphorhinus-thoracicus-33208.wav,y,[0.24184254]
XCSelection,Cyphorhinus-thoracicus-33209.wav,y,[0.90680075]
XCSelection,Cyphorhinus-thoracicus-36011.wav,y,[0.8409363]
XCSelection,Cyphorhinus-thoracicus-39043.wav,y,[0.90603995]
XCSelection,Cyphorhinus-thoracicus-45781.wav,y,[0.9936818]
XCSelection,Cyphorhinus-thoracicus-45782.wav,y,[0.85953385]
XCSelection,Cyphorhinus-thoracicus-45783.wav,y,[0.9931416]
XCSelection,Cyphorhinus-thoracicus-45784.wav,y,[0.88117075]
XCSelection,Cyphorhinus-thoracicus-45785.wav,y,[0.19052422]
XCSelection,Cyphorhinus-thoracicus-59201.wav,y,[0.80934215]
XCSelection,Cyphorhinus-thoracicus-60996.wav,y,[0.05898052]
XCSelection,Cyphorhinus-thoracicus-63361.wav,y,[0.17017314]
XCSelection,Cyphorhinus-thoracicus-63362.wav,y,[0.02098241]
XCSelection,Cyphorhinus-thoracicus-63363.wav,y,[0.18456134]
XCSelection,Cyphorhinus-thoracicus-87827.wav,y,[0.03207105]
XCSelection,Cyphorhinus-thoracicus-97043.wav,y,[0.80994725]
XCSelection,Cyphorhinus-thoracicus-144640.wav,y,[0.9726448]
XCSelection,Cyphorhinus-thoracicus-152683.wav,y,[0.2826122]
XCSelection,Cyphorhinus-thoracicus-277132.wav,y,[0.15599158]
XCSelection,Cyphorhinus-thoracicus-277133.wav,y,[0.15051821]
XCSelection,Cyphorhinus-thoracicus-277134.wav,y,[0.84313285]
XCSelection,Drymophila-devillei-74.wav,y,[0.46849388]
XCSelection,Drymophila-devillei-14475.wav,y,[0.98197246]
XCSelection,Drymophila-devillei-22975.wav,y,[0.9848654]
XCSelection,Drymophila-devillei-36515.wav,y,[0.9936538]
XCSelection,Drymophila-devillei-63406.wav,y,[0.00662526]
XCSelection,Drymophila-devillei-63407.wav,y,[0.9796219]
XCSelection,Drymophila-devillei-63408.wav,y,[0.70878106]
XCSelection,Drymophila-devillei-63409.wav,y,[0.11825037]
XCSelection,Drymophila-devillei-63410.wav,y,[0.00734001]
XCSelection,Drymophila-devillei-64102.wav,y,[0.98983514]
XCSelection,Drymophila-devillei-73521.wav,y,[0.99428993]
XCSelection,Drymophila-devillei-73522.wav,y,[0.99428993]
XCSelection,Drymophila-devillei-73523.wav,y,[0.99439263]
XCSelection,Drymophila-devillei-73524.wav,y,[0.99439263]
XCSelection,Drymophila-devillei-73525.wav,y,[0.99280196]
XCSelection,Drymophila-devillei-73526.wav,y,[0.99280196]
XCSelection,Drymophila-devillei-73527.wav,y,[0.9922211]
XCSelection,Drymophila-devillei-73528.wav,y,[0.98791057]
XCSelection,Drymophila-devillei-73529.wav,y,[0.9942914]
XCSelection,Drymophila-devillei-73530.wav,y,[0.9544177]
XCSelection,Drymophila-devillei-73531.wav,y,[0.9941273]
XCSelection,Drymophila-devillei-73532.wav,y,[0.9710095]
XCSelection,Drymophila-devillei-73533.wav,y,[0.99363506]
XCSelection,Drymophila-devillei-73534.wav,y,[0.99363506]
XCSelection,Drymophila-devillei-73535.wav,y,[0.9927912]
XCSelection,Drymophila-devillei-73536.wav,y,[0.9927912]
XCSelection,Drymophila-devillei-73537.wav,y,[0.99391675]
XCSelection,Drymophila-devillei-76086.wav,y,[0.9806005]
XCSelection,Drymophila-devillei-97348.wav,y,[0.15089583]
XCSelection,Drymophila-devillei-98356.wav,y,[0.99235696]
XCSelection,Drymophila-devillei-98357.wav,y,[0.9918537]
XCSelection,Drymophila-devillei-453621.wav,y,[0.9938854]
XCSelection,Euscarthmus-meloryphus-5615.wav,y,[0.07955983]
XCSelection,Euscarthmus-meloryphus-8562.wav,y,[0.991243]
XCSelection,Euscarthmus-meloryphus-14486.wav,y,[0.99397373]
XCSelection,Euscarthmus-meloryphus-16668.wav,y,[0.05178881]
XCSelection,Euscarthmus-meloryphus-16726.wav,y,[0.9164806]
XCSelection,Euscarthmus-meloryphus-37644.wav,y,[0.9858476]
XCSelection,Euscarthmus-meloryphus-47621.wav,y,[0.98991114]
XCSelection,Euscarthmus-meloryphus-47622.wav,y,[0.9859271]
XCSelection,Euscarthmus-meloryphus-47623.wav,y,[0.9928178]
XCSelection,Euscarthmus-meloryphus-47624.wav,y,[0.98195267]
XCSelection,Euscarthmus-meloryphus-61552.wav,y,[0.98932886]
XCSelection,Euscarthmus-meloryphus-92186.wav,y,[0.9717463]
XCSelection,Euscarthmus-meloryphus-120231.wav,y,[0.98948234]
XCSelection,Euscarthmus-meloryphus-122191.wav,y,[0.9907387]
XCSelection,Formicarius-analis-83.wav,y,[0.01517269]
XCSelection,Formicarius-analis-200.wav,y,[0.00893515]
XCSelection,Formicarius-analis-1463.wav,y,[0.01051381]
XCSelection,Formicarius-analis-11406.wav,y,[0.7762612]
XCSelection,Formicarius-analis-13356.wav,y,[0.04714087]
XCSelection,Formicarius-analis-13357.wav,y,[0.50654125]
XCSelection,Formicarius-analis-31087.wav,y,[0.98855424]
XCSelection,Formicarius-analis-39735.wav,y,[0.8903605]
XCSelection,Formicarius-analis-63433.wav,y,[0.00701678]
XCSelection,Formicarius-analis-63434.wav,y,[0.05155873]
XCSelection,Formicarius-analis-63435.wav,y,[0.05646056]
XCSelection,Formicarius-analis-63436.wav,y,[0.02541083]
XCSelection,Formicarius-analis-63437.wav,y,[0.01169226]
XCSelection,Formicarius-analis-63438.wav,y,[0.4315583]
XCSelection,Formicarius-analis-73574.wav,y,[0.15443632]
XCSelection,Formicarius-analis-73575.wav,y,[0.14691383]
XCSelection,Formicarius-analis-82786.wav,y,[0.02228439]
XCSelection,Formicarius-analis-91459.wav,y,[0.9908515]
XCSelection,Formicarius-analis-97091.wav,y,[0.6254606]
XCSelection,Formicarius-analis-122781.wav,y,[0.9557619]
XCSelection,Formicarius-analis-123232.wav,y,[0.37739146]
XCSelection,Formicarius-analis-123233.wav,y,[0.23031008]
XCSelection,Formicarius-analis-123260.wav,y,[0.08636564]
XCSelection,Formicarius-analis-153252.wav,y,[0.04286236]
XCSelection,Formicarius-analis-208602.wav,y,[0.448362]
XCSelection,Formicarius-analis-453521.wav,y,[0.894161]
XCSelection,Galbula-cyanescens-13381.wav,y,[0.35414585]
XCSelection,Galbula-cyanescens-32494.wav,y,[0.00784954]
XCSelection,Galbula-cyanescens-32495.wav,y,[0.05066979]
XCSelection,Galbula-cyanescens-47473.wav,y,[0.93920445]
XCSelection,Galbula-cyanescens-63452.wav,y,[0.03217274]
XCSelection,Galbula-cyanescens-63453.wav,y,[0.30235863]
XCSelection,Galbula-cyanescens-63454.wav,y,[0.04556575]
XCSelection,Galbula-cyanescens-73583.wav,y,[0.9024899]
XCSelection,Galbula-cyanescens-73584.wav,y,[0.96769994]
XCSelection,Galbula-cyanescens-88602.wav,y,[0.07827917]
XCSelection,Galbula-cyanescens-99355.wav,y,[0.9609945]
XCSelection,Galbula-cyanescens-122332.wav,y,[0.9579909]
XCSelection,Galbula-cyanescens-122776.wav,y,[0.93957675]
XCSelection,Galbula-cyanescens-150487.wav,y,[0.04219991]
XCSelection,Galbula-cyanescens-152826.wav,y,[0.9891727]
XCSelection,Galbula-cyanescens-270698.wav,y,[0.97706425]
XCSelection,Galbula-cyanescens-270699.wav,y,[0.9741755]
XCSelection,Galbula-cyanescens-270700.wav,y,[0.7911731]
XCSelection,Grallaria-erythroleuca-12077.wav,y,[0.02697021]
XCSelection,Grallaria-erythroleuca-14382.wav,y,[0.8636031]
XCSelection,Grallaria-erythroleuca-14383.wav,y,[0.9812578]
XCSelection,Grallaria-erythroleuca-35362.wav,y,[0.01055223]
XCSelection,Grallaria-erythroleuca-47636.wav,y,[0.8931244]
XCSelection,Grallaria-erythroleuca-47637.wav,y,[0.9488078]
XCSelection,Grallaria-erythroleuca-47638.wav,y,[0.86151373]
XCSelection,Grallaria-erythroleuca-63468.wav,y,[0.43245482]
XCSelection,Grallaria-erythroleuca-70147.wav,y,[0.11531064]
XCSelection,Grallaria-erythroleuca-70148.wav,y,[0.46836448]
XCSelection,Grallaria-erythroleuca-70149.wav,y,[0.7096665]
XCSelection,Grallaria-erythroleuca-94464.wav,y,[0.0652869]
XCSelection,Grallaria-erythroleuca-453704.wav,y,[0.77624595]
XCSelection,Grallaricula-leymebambae-3904.wav,y,[0.8661637]
XCSelection,Grallaricula-leymebambae-8570.wav,y,[0.9928702]
XCSelection,Grallaricula-leymebambae-9271.wav,y,[0.9924082]
XCSelection,Grallaricula-leymebambae-30492.wav,y,[0.41564938]
XCSelection,Grallaricula-leymebambae-36436.wav,y,[0.5954666]
XCSelection,Grallaricula-leymebambae-36437.wav,y,[0.24721226]
XCSelection,Grallaricula-leymebambae-39345.wav,y,[0.9822149]
XCSelection,Grallaricula-leymebambae-41553.wav,y,[0.6507273]
XCSelection,Grallaricula-leymebambae-47176.wav,y,[0.99231124]
XCSelection,Grallaricula-leymebambae-61003.wav,y,[0.4929651]
XCSelection,Grallaricula-leymebambae-66383.wav,y,[0.758013]
XCSelection,Grallaricula-leymebambae-69835.wav,y,[0.98114246]
XCSelection,Grallaricula-leymebambae-70150.wav,y,[0.98058105]
XCSelection,Grallaricula-leymebambae-264645.wav,y,[0.9900582]
XCSelection,Grallaricula-leymebambae-264646.wav,y,[0.9347019]
XCSelection,Grallaricula-leymebambae-453701.wav,y,[0.99198985]
XCSelection,Henicorhina-leucophrys-7874.wav,y,[0.71931314]
XCSelection,Henicorhina-leucophrys-8399.wav,y,[0.65191615]
XCSelection,Henicorhina-leucophrys-14105.wav,y,[0.44457322]
XCSelection,Henicorhina-leucophrys-14107.wav,y,[0.97474474]
XCSelection,Henicorhina-leucophrys-14108.wav,y,[0.96927303]
XCSelection,Henicorhina-leucophrys-27787.wav,y,[0.991658]
XCSelection,Henicorhina-leucophrys-39751.wav,y,[0.99062204]
XCSelection,Henicorhina-leucophrys-47394.wav,y,[0.9911349]
XCSelection,Henicorhina-leucophrys-47395.wav,y,[0.2516191]
XCSelection,Henicorhina-leucophrys-47396.wav,y,[0.56034416]
XCSelection,Henicorhina-leucophrys-47397.wav,y,[0.8709903]
XCSelection,Henicorhina-leucophrys-47398.wav,y,[0.45916307]
XCSelection,Henicorhina-leucophrys-47399.wav,y,[0.99409485]
XCSelection,Henicorhina-leucophrys-47400.wav,y,[0.9898652]
XCSelection,Henicorhina-leucophrys-47401.wav,y,[0.9352381]
XCSelection,Henicorhina-leucophrys-47402.wav,y,[0.9932632]
XCSelection,Henicorhina-leucophrys-47403.wav,y,[0.9931576]
XCSelection,Henicorhina-leucophrys-57240.wav,y,[0.98717034]
XCSelection,Henicorhina-leucophrys-62995.wav,y,[0.9915092]
XCSelection,Henicorhina-leucophrys-63499.wav,y,[0.87913084]
XCSelection,Henicorhina-leucophrys-63500.wav,y,[0.9684429]
XCSelection,Henicorhina-leucophrys-63501.wav,y,[0.9928405]
XCSelection,Henicorhina-leucophrys-82895.wav,y,[0.99115217]
XCSelection,Henicorhina-leucophrys-83473.wav,y,[0.43645844]
XCSelection,Henicorhina-leucophrys-87828.wav,y,[0.785067]
XCSelection,Henicorhina-leucophrys-91064.wav,y,[0.98358965]
XCSelection,Henicorhina-leucophrys-112584.wav,y,[0.9911121]
XCSelection,Henicorhina-leucophrys-123576.wav,y,[0.10381174]
XCSelection,Henicorhina-leucophrys-123577.wav,y,[0.822291]
XCSelection,Henicorhina-leucophrys-123578.wav,y,[0.2247752]
XCSelection,Henicorhina-leucophrys-123579.wav,y,[0.01995039]
XCSelection,Henicorhina-leucophrys-152691.wav,y,[0.28981853]
XCSelection,Henicorhina-leucophrys-224077.wav,y,[0.8938803]
XCSelection,Hypocnemis-peruviana-75.wav,y,[0.31703505]
XCSelection,Hypocnemis-peruviana-524.wav,y,[0.00966927]
XCSelection,Hypocnemis-peruviana-669.wav,y,[0.27089387]
XCSelection,Hypocnemis-peruviana-8520.wav,y,[0.61539114]
XCSelection,Hypocnemis-peruviana-11984.wav,y,[0.9757535]
XCSelection,Hypocnemis-peruviana-12075.wav,y,[0.8762803]
XCSelection,Hypocnemis-peruviana-14495.wav,y,[0.94329786]
XCSelection,Hypocnemis-peruviana-14496.wav,y,[0.9845537]
XCSelection,Hypocnemis-peruviana-14497.wav,y,[0.9770416]
XCSelection,Hypocnemis-peruviana-14498.wav,y,[0.95475197]
XCSelection,Hypocnemis-peruviana-23236.wav,y,[0.9852997]
XCSelection,Hypocnemis-peruviana-23450.wav,y,[0.9866531]
XCSelection,Hypocnemis-peruviana-27847.wav,y,[0.989799]
XCSelection,Hypocnemis-peruviana-28146.wav,y,[0.9916198]
XCSelection,Hypocnemis-peruviana-34355.wav,y,[0.80955696]
XCSelection,Hypocnemis-peruviana-34356.wav,y,[0.98456824]
XCSelection,Hypocnemis-peruviana-34668.wav,y,[0.9934665]
XCSelection,Hypocnemis-peruviana-38984.wav,y,[0.982862]
XCSelection,Hypocnemis-peruviana-38985.wav,y,[0.9738606]
XCSelection,Hypocnemis-peruviana-40636.wav,y,[0.8393114]
XCSelection,Hypocnemis-peruviana-63551.wav,y,[0.5408407]
XCSelection,Hypocnemis-peruviana-63555.wav,y,[0.41597423]
XCSelection,Hypocnemis-peruviana-73698.wav,y,[0.99411947]
XCSelection,Hypocnemis-peruviana-73723.wav,y,[0.9938128]
XCSelection,Hypocnemis-peruviana-73725.wav,y,[0.99442637]
XCSelection,Hypocnemis-peruviana-73726.wav,y,[0.99453187]
XCSelection,Hypocnemis-peruviana-87237.wav,y,[0.01099142]
XCSelection,Hypocnemis-peruviana-130495.wav,y,[0.95951676]
XCSelection,Hypocnemis-peruviana-144498.wav,y,[0.9932617]
XCSelection,Hypocnemis-peruviana-153257.wav,y,[0.983083]
XCSelection,Hypocnemis-subflava-11797.wav,y,[0.80153406]
XCSelection,Hypocnemis-subflava-14494.wav,y,[0.9794688]
XCSelection,Hypocnemis-subflava-39759.wav,y,[0.9806665]
XCSelection,Hypocnemis-subflava-47480.wav,y,[0.9296757]
XCSelection,Hypocnemis-subflava-47481.wav,y,[0.9671395]
XCSelection,Hypocnemis-subflava-47482.wav,y,[0.9505571]
XCSelection,Hypocnemis-subflava-63552.wav,y,[0.9908495]
XCSelection,Hypocnemis-subflava-64112.wav,y,[0.9071455]
XCSelection,Hypocnemis-subflava-64113.wav,y,[0.9928253]
XCSelection,Hypocnemis-subflava-73727.wav,y,[0.992858]
XCSelection,Hypocnemis-subflava-73728.wav,y,[0.99383354]
XCSelection,Hypocnemis-subflava-73729.wav,y,[0.9941717]
XCSelection,Hypocnemis-subflava-73730.wav,y,[0.9940202]
XCSelection,Hypocnemis-subflava-73731.wav,y,[0.99445623]
XCSelection,Hypocnemis-subflava-73732.wav,y,[0.9841782]
XCSelection,Hypocnemis-subflava-73733.wav,y,[0.9942188]
XCSelection,Hypocnemis-subflava-73734.wav,y,[0.99318683]
XCSelection,Hypocnemis-subflava-87834.wav,y,[0.27814567]
XCSelection,Hypocnemis-subflava-91660.wav,y,[0.59254575]
XCSelection,Hypocnemis-subflava-97046.wav,y,[0.9840671]
XCSelection,Hypocnemis-subflava-123312.wav,y,[0.96330553]
XCSelection,Hypocnemis-subflava-224535.wav,y,[0.9908863]
XCSelection,Hypocnemis-subflava-404765.wav,y,[0.9137029]
XCSelection,Hypocnemis-subflava-408912.wav,y,[0.2990004]
XCSelection,Hypocnemis-subflava-453697.wav,y,[0.9860641]
XCSelection,Liosceles-thoracicus-236.wav,y,[0.03433371]
XCSelection,Liosceles-thoracicus-14447.wav,y,[0.02827829]
XCSelection,Liosceles-thoracicus-22987.wav,y,[0.01491329]
XCSelection,Liosceles-thoracicus-22988.wav,y,[0.04206645]
XCSelection,Liosceles-thoracicus-23026.wav,y,[0.04090911]
XCSelection,Liosceles-thoracicus-27826.wav,y,[0.76859045]
XCSelection,Liosceles-thoracicus-33217.wav,y,[0.9536744]
XCSelection,Liosceles-thoracicus-34358.wav,y,[0.2238448]
XCSelection,Liosceles-thoracicus-36522.wav,y,[0.6222045]
XCSelection,Liosceles-thoracicus-63612.wav,y,[0.00719082]
XCSelection,Liosceles-thoracicus-68569.wav,y,[0.433156]
XCSelection,Liosceles-thoracicus-73775.wav,y,[0.9519868]
XCSelection,Liosceles-thoracicus-73776.wav,y,[0.6148721]
XCSelection,Liosceles-thoracicus-88585.wav,y,[0.01285854]
XCSelection,Liosceles-thoracicus-91446.wav,y,[0.3394788]
XCSelection,Liosceles-thoracicus-91447.wav,y,[0.1403768]
XCSelection,Liosceles-thoracicus-100426.wav,y,[0.7901101]
XCSelection,Liosceles-thoracicus-123229.wav,y,[0.15511268]
XCSelection,Liosceles-thoracicus-123256.wav,y,[0.07412404]
XCSelection,Liosceles-thoracicus-123257.wav,y,[0.97619075]
XCSelection,Liosceles-thoracicus-123258.wav,y,[0.98721373]
XCSelection,Liosceles-thoracicus-225144.wav,y,[0.95599747]
XCSelection,Liosceles-thoracicus-225145.wav,y,[0.98163253]
XCSelection,Liosceles-thoracicus-453607.wav,y,[0.07367629]
XCSelection,Lipaugus-vociferans-101.wav,y,[0.07519636]
XCSelection,Lipaugus-vociferans-528.wav,y,[0.00837967]
XCSelection,Lipaugus-vociferans-540.wav,y,[0.07864392]
XCSelection,Lipaugus-vociferans-677.wav,y,[0.12430942]
XCSelection,Lipaugus-vociferans-22516.wav,y,[0.0787892]
XCSelection,Lipaugus-vociferans-22528.wav,y,[0.8784213]
XCSelection,Lipaugus-vociferans-22989.wav,y,[0.6440565]
XCSelection,Lipaugus-vociferans-27828.wav,y,[0.48811218]
XCSelection,Lipaugus-vociferans-63613.wav,y,[0.5213603]
XCSelection,Lipaugus-vociferans-63614.wav,y,[0.9813576]
XCSelection,Lipaugus-vociferans-63615.wav,y,[0.8893283]
XCSelection,Lipaugus-vociferans-63616.wav,y,[0.9779849]
XCSelection,Lipaugus-vociferans-63617.wav,y,[0.8266938]
XCSelection,Lipaugus-vociferans-63618.wav,y,[0.6067783]
XCSelection,Lipaugus-vociferans-73777.wav,y,[0.14883736]
XCSelection,Lipaugus-vociferans-76028.wav,y,[0.9891323]
XCSelection,Lipaugus-vociferans-83477.wav,y,[0.5670928]
XCSelection,Lipaugus-vociferans-88597.wav,y,[0.7569702]
XCSelection,Lipaugus-vociferans-98358.wav,y,[0.03275886]
XCSelection,Lipaugus-vociferans-98359.wav,y,[0.23140302]
XCSelection,Lipaugus-vociferans-123333.wav,y,[0.99206924]
XCSelection,Lipaugus-vociferans-123334.wav,y,[0.13950881]
XCSelection,Lipaugus-vociferans-151417.wav,y,[0.0762893]
XCSelection,Lipaugus-vociferans-152497.wav,y,[0.28542423]
XCSelection,Lipaugus-vociferans-270765.wav,y,[0.9832316]
XCSelection,Lipaugus-vociferans-270766.wav,y,[0.9638028]
XCSelection,Lipaugus-vociferans-404600.wav,y,[0.36480874]
XCSelection,Lipaugus-vociferans-425555.wav,y,[0.09018153]
XCSelection,Lipaugus-vociferans-453609.wav,y,[0.55830914]
XCSelection,Lipaugus-vociferans-461474.wav,y,[0.48861608]
XCSelection,Megascops-watsonii-120.wav,y,[0.00773308]
XCSelection,Megascops-watsonii-11996.wav,y,[0.00829428]
XCSelection,Megascops-watsonii-12054.wav,y,[0.01415011]
XCSelection,Megascops-watsonii-20722.wav,y,[0.10067889]
XCSelection,Megascops-watsonii-31867.wav,y,[0.01004013]
XCSelection,Megascops-watsonii-35367.wav,y,[0.11811507]
XCSelection,Megascops-watsonii-56732.wav,y,[0.11817455]
XCSelection,Megascops-watsonii-56733.wav,y,[0.04679778]
XCSelection,Megascops-watsonii-61011.wav,y,[0.0511775]
XCSelection,Megascops-watsonii-63825.wav,y,[0.00738055]
XCSelection,Megascops-watsonii-63826.wav,y,[0.03102139]
XCSelection,Megascops-watsonii-87256.wav,y,[0.04542628]
XCSelection,Megascops-watsonii-87257.wav,y,[0.00974688]
XCSelection,Megascops-watsonii-90192.wav,y,[0.00874934]
XCSelection,Megascops-watsonii-99609.wav,y,[0.02196252]
XCSelection,Megascops-watsonii-122571.wav,y,[0.01875633]
XCSelection,Megascops-watsonii-122572.wav,y,[0.01283553]
XCSelection,Megascops-watsonii-163199.wav,y,[0.07345837]
XCSelection,Megascops-watsonii-163264.wav,y,[0.0754959]
XCSelection,Megascops-watsonii-225486.wav,y,[0.01468748]
XCSelection,Megascops-watsonii-225487.wav,y,[0.77300817]
XCSelection,Megascops-watsonii-270771.wav,y,[0.13436419]
XCSelection,Megascops-watsonii-453625.wav,y,[0.03018594]
XCSelection,Myiothlypis-coronata-186.wav,y,[0.12394792]
XCSelection,Myiothlypis-coronata-8344.wav,y,[0.9332376]
XCSelection,Myiothlypis-coronata-8571.wav,y,[0.9922875]
XCSelection,Myiothlypis-coronata-27825.wav,y,[0.99271166]
XCSelection,Myiothlypis-coronata-28179.wav,y,[0.96508193]
XCSelection,Myiothlypis-coronata-36221.wav,y,[0.80675554]
XCSelection,Myiothlypis-coronata-36222.wav,y,[0.93543136]
XCSelection,Myiothlypis-coronata-45678.wav,y,[0.98955655]
XCSelection,Myiothlypis-coronata-45827.wav,y,[0.95799994]
XCSelection,Myiothlypis-coronata-45828.wav,y,[0.99094915]
XCSelection,Myiothlypis-coronata-45829.wav,y,[0.5468246]
XCSelection,Myiothlypis-coronata-47308.wav,y,[0.9394589]
XCSelection,Myiothlypis-coronata-47309.wav,y,[0.88526094]
XCSelection,Myiothlypis-coronata-53747.wav,y,[0.92836505]
XCSelection,Myiothlypis-coronata-63177.wav,y,[0.56664884]
XCSelection,Myiothlypis-coronata-120318.wav,y,[0.8333151]
XCSelection,Myiothlypis-coronata-122210.wav,y,[0.8384342]
XCSelection,Myiothlypis-coronata-151179.wav,y,[0.89303184]
XCSelection,Myiothlypis-coronata-226226.wav,y,[0.91197205]
XCSelection,Myiothlypis-coronata-277007.wav,y,[0.89049727]
XCSelection,Myrmelastes-hyperythrus-64.wav,y,[0.14626223]
XCSelection,Myrmelastes-hyperythrus-1464.wav,y,[0.26218903]
XCSelection,Myrmelastes-hyperythrus-14306.wav,y,[0.6966796]
XCSelection,Myrmelastes-hyperythrus-14307.wav,y,[0.06312683]
XCSelection,Myrmelastes-hyperythrus-14308.wav,y,[0.9165473]
XCSelection,Myrmelastes-hyperythrus-24395.wav,y,[0.06313172]
XCSelection,Myrmelastes-hyperythrus-27808.wav,y,[0.9618739]
XCSelection,Myrmelastes-hyperythrus-27809.wav,y,[0.8361503]
XCSelection,Myrmelastes-hyperythrus-28126.wav,y,[0.935024]
XCSelection,Myrmelastes-hyperythrus-28127.wav,y,[0.11066005]
XCSelection,Myrmelastes-hyperythrus-28128.wav,y,[0.10990539]
XCSelection,Myrmelastes-hyperythrus-39782.wav,y,[0.32779866]
XCSelection,Myrmelastes-hyperythrus-47559.wav,y,[0.42887887]
XCSelection,Myrmelastes-hyperythrus-63730.wav,y,[0.31645042]
XCSelection,Myrmelastes-hyperythrus-63731.wav,y,[0.9720683]
XCSelection,Myrmelastes-hyperythrus-63732.wav,y,[0.00882974]
XCSelection,Myrmelastes-hyperythrus-76095.wav,y,[0.81963766]
XCSelection,Myrmelastes-hyperythrus-76096.wav,y,[0.02265188]
XCSelection,Myrmelastes-hyperythrus-270811.wav,y,[0.93059516]
XCSelection,Myrmelastes-hyperythrus-270812.wav,y,[0.7529625]
XCSelection,Myrmelastes-hyperythrus-453593.wav,y,[0.5792895]
XCSelection,Myrmelastes-hyperythrus-488274.wav,y,[0.06549585]
XCSelection,Myrmoborus-leucophrys-66.wav,y,[0.83057535]
XCSelection,Myrmoborus-leucophrys-537.wav,y,[0.02367854]
XCSelection,Myrmoborus-leucophrys-8383.wav,y,[0.8777317]
XCSelection,Myrmoborus-leucophrys-10592.wav,y,[0.83938646]
XCSelection,Myrmoborus-leucophrys-10593.wav,y,[0.7697359]
XCSelection,Myrmoborus-leucophrys-14503.wav,y,[0.10732907]
XCSelection,Myrmoborus-leucophrys-14504.wav,y,[0.99367595]
XCSelection,Myrmoborus-leucophrys-23238.wav,y,[0.07472944]
XCSelection,Myrmoborus-leucophrys-28124.wav,y,[0.9932735]
XCSelection,Myrmoborus-leucophrys-28125.wav,y,[0.98194027]
XCSelection,Myrmoborus-leucophrys-33219.wav,y,[0.88434505]
XCSelection,Myrmoborus-leucophrys-37147.wav,y,[0.10174522]
XCSelection,Myrmoborus-leucophrys-39777.wav,y,[0.04597223]
XCSelection,Myrmoborus-leucophrys-63743.wav,y,[0.01759207]
XCSelection,Myrmoborus-leucophrys-63744.wav,y,[0.01087326]
XCSelection,Myrmoborus-leucophrys-63745.wav,y,[0.00792316]
XCSelection,Myrmoborus-leucophrys-73899.wav,y,[0.9643649]
XCSelection,Myrmoborus-leucophrys-73900.wav,y,[0.62589854]
XCSelection,Myrmoborus-leucophrys-73901.wav,y,[0.8427768]
XCSelection,Myrmoborus-leucophrys-73902.wav,y,[0.9763642]
XCSelection,Myrmoborus-leucophrys-73903.wav,y,[0.991418]
XCSelection,Myrmoborus-leucophrys-73904.wav,y,[0.9835213]
XCSelection,Myrmoborus-leucophrys-87868.wav,y,[0.00791156]
XCSelection,Myrmoborus-leucophrys-88601.wav,y,[0.124071]
XCSelection,Myrmoborus-leucophrys-97047.wav,y,[0.9916879]
XCSelection,Myrmoborus-leucophrys-122582.wav,y,[0.9912698]
XCSelection,Myrmoborus-leucophrys-151158.wav,y,[0.9737929]
XCSelection,Myrmoborus-leucophrys-226383.wav,y,[0.90686834]
XCSelection,Myrmoborus-leucophrys-226405.wav,y,[0.9769216]
XCSelection,Myrmoborus-leucophrys-338766.wav,y,[0.98143303]
XCSelection,Myrmoborus-leucophrys-404910.wav,y,[0.945578]
XCSelection,Myrmoborus-leucophrys-453686.wav,y,[0.76383895]
XCSelection,Myrmoborus-lophotes-741.wav,y,[0.00862634]
XCSelection,Myrmoborus-lophotes-14527.wav,y,[0.989926]
XCSelection,Myrmoborus-lophotes-14529.wav,y,[0.26983443]
XCSelection,Myrmoborus-lophotes-35393.wav,y,[0.6540508]
XCSelection,Myrmoborus-lophotes-40314.wav,y,[0.9724349]
XCSelection,Myrmoborus-lophotes-41541.wav,y,[0.8058795]
XCSelection,Myrmoborus-lophotes-41542.wav,y,[0.23515737]
XCSelection,Myrmoborus-lophotes-63843.wav,y,[0.9036169]
XCSelection,Myrmoborus-lophotes-63844.wav,y,[0.4898186]
XCSelection,Myrmoborus-lophotes-63845.wav,y,[0.04576516]
XCSelection,Myrmoborus-lophotes-63846.wav,y,[0.01466358]
XCSelection,Myrmoborus-lophotes-63847.wav,y,[0.7746386]
XCSelection,Myrmoborus-lophotes-64121.wav,y,[0.01903659]
XCSelection,Myrmoborus-lophotes-64122.wav,y,[0.00693887]
XCSelection,Myrmoborus-lophotes-74012.wav,y,[0.9930047]
XCSelection,Myrmoborus-lophotes-74013.wav,y,[0.99383354]
XCSelection,Myrmoborus-lophotes-91568.wav,y,[0.25973564]
XCSelection,Myrmoborus-lophotes-122275.wav,y,[0.66406363]
XCSelection,Myrmoborus-lophotes-122276.wav,y,[0.4996693]
XCSelection,Myrmoborus-lophotes-122294.wav,y,[0.46912393]
XCSelection,Myrmoborus-lophotes-122591.wav,y,[0.8254157]
XCSelection,Myrmoborus-lophotes-122778.wav,y,[0.95915174]
XCSelection,Myrmoborus-lophotes-123128.wav,y,[0.5612905]
XCSelection,Myrmoborus-lophotes-123272.wav,y,[0.51966715]
XCSelection,Myrmoborus-lophotes-227458.wav,y,[0.97850645]
XCSelection,Myrmoborus-lophotes-227459.wav,y,[0.8559565]
XCSelection,Myrmoborus-lophotes-404753.wav,y,[0.66559416]
XCSelection,Myrmoborus-lophotes-404754.wav,y,[0.97299415]
XCSelection,Myrmoborus-lophotes-409064.wav,y,[0.9890983]
XCSelection,Myrmoborus-lophotes-453688.wav,y,[0.978016]
XCSelection,Myrmoborus-myotherinus-536.wav,y,[0.9626483]
XCSelection,Myrmoborus-myotherinus-10804.wav,y,[0.981778]
XCSelection,Myrmoborus-myotherinus-13358.wav,y,[0.49061653]
XCSelection,Myrmoborus-myotherinus-27754.wav,y,[0.9701016]
XCSelection,Myrmoborus-myotherinus-28122.wav,y,[0.66099286]
XCSelection,Myrmoborus-myotherinus-28123.wav,y,[0.99367225]
XCSelection,Myrmoborus-myotherinus-34366.wav,y,[0.8995586]
XCSelection,Myrmoborus-myotherinus-35392.wav,y,[0.5839447]
XCSelection,Myrmoborus-myotherinus-38983.wav,y,[0.6337364]
XCSelection,Myrmoborus-myotherinus-63746.wav,y,[0.01188183]
XCSelection,Myrmoborus-myotherinus-63747.wav,y,[0.03149554]
XCSelection,Myrmoborus-myotherinus-63748.wav,y,[0.7311866]
XCSelection,Myrmoborus-myotherinus-63749.wav,y,[0.03739876]
XCSelection,Myrmoborus-myotherinus-63750.wav,y,[0.05607387]
XCSelection,Myrmoborus-myotherinus-73860.wav,y,[0.9519816]
XCSelection,Myrmoborus-myotherinus-73911.wav,y,[0.99303097]
XCSelection,Myrmoborus-myotherinus-73916.wav,y,[0.9251952]
XCSelection,Myrmoborus-myotherinus-73917.wav,y,[0.9907634]
XCSelection,Myrmoborus-myotherinus-73918.wav,y,[0.8325088]
XCSelection,Myrmoborus-myotherinus-73919.wav,y,[0.9421719]
XCSelection,Myrmoborus-myotherinus-73920.wav,y,[0.9744002]
XCSelection,Myrmoborus-myotherinus-73921.wav,y,[0.8731569]
XCSelection,Myrmoborus-myotherinus-73922.wav,y,[0.9267089]
XCSelection,Myrmoborus-myotherinus-73958.wav,y,[0.29790717]
XCSelection,Myrmoborus-myotherinus-76089.wav,y,[0.98766315]
XCSelection,Myrmoborus-myotherinus-86040.wav,y,[0.11612499]
XCSelection,Myrmoborus-myotherinus-87837.wav,y,[0.9799037]
XCSelection,Myrmoborus-myotherinus-87851.wav,y,[0.02762124]
XCSelection,Myrmoborus-myotherinus-88578.wav,y,[0.21918744]
XCSelection,Myrmoborus-myotherinus-89230.wav,y,[0.01661348]
XCSelection,Myrmoborus-myotherinus-98365.wav,y,[0.99295473]
XCSelection,Myrmoborus-myotherinus-100506.wav,y,[0.02859092]
XCSelection,Myrmoborus-myotherinus-118404.wav,y,[0.2102193]
XCSelection,Myrmoborus-myotherinus-122756.wav,y,[0.9209023]
XCSelection,Myrmoborus-myotherinus-123092.wav,y,[0.8634002]
XCSelection,Myrmoborus-myotherinus-123146.wav,y,[0.98966306]
XCSelection,Myrmoborus-myotherinus-151782.wav,y,[0.9807303]
XCSelection,Myrmoborus-myotherinus-158175.wav,y,[0.9602926]
XCSelection,Myrmoborus-myotherinus-270819.wav,y,[0.7106939]
XCSelection,Myrmoborus-myotherinus-270820.wav,y,[0.96714914]
XCSelection,Myrmoborus-myotherinus-270821.wav,y,[0.99288267]
XCSelection,Myrmoborus-myotherinus-270822.wav,y,[0.9384445]
XCSelection,Myrmoborus-myotherinus-404772.wav,y,[0.9002168]
XCSelection,Myrmoborus-myotherinus-404773.wav,y,[0.9922128]
XCSelection,Myrmoborus-myotherinus-404926.wav,y,[0.98693776]
XCSelection,Myrmoborus-myotherinus-453520.wav,y,[0.4540471]
XCSelection,Myrmothera-campanisona-52.wav,y,[0.01175624]
XCSelection,Myrmothera-campanisona-12058.wav,y,[0.02425322]
XCSelection,Myrmothera-campanisona-14487.wav,y,[0.8887736]
XCSelection,Myrmothera-campanisona-20059.wav,y,[0.8652402]
XCSelection,Myrmothera-campanisona-20692.wav,y,[0.00910348]
XCSelection,Myrmothera-campanisona-22996.wav,y,[0.518035]
XCSelection,Myrmothera-campanisona-22997.wav,y,[0.734951]
XCSelection,Myrmothera-campanisona-28075.wav,y,[0.04974747]
XCSelection,Myrmothera-campanisona-28131.wav,y,[0.04974747]
XCSelection,Myrmothera-campanisona-33220.wav,y,[0.0178006]
XCSelection,Myrmothera-campanisona-38987.wav,y,[0.6888412]
XCSelection,Myrmothera-campanisona-38988.wav,y,[0.02814952]
XCSelection,Myrmothera-campanisona-39779.wav,y,[0.45581478]
XCSelection,Myrmothera-campanisona-61014.wav,y,[0.05604115]
XCSelection,Myrmothera-campanisona-63690.wav,y,[0.00933355]
XCSelection,Myrmothera-campanisona-63691.wav,y,[0.02445641]
XCSelection,Myrmothera-campanisona-63692.wav,y,[0.01010931]
XCSelection,Myrmothera-campanisona-63693.wav,y,[0.80679]
XCSelection,Myrmothera-campanisona-63694.wav,y,[0.5152498]
XCSelection,Myrmothera-campanisona-65580.wav,y,[0.07808205]
XCSelection,Myrmothera-campanisona-87258.wav,y,[0.0102177]
XCSelection,Myrmothera-campanisona-122336.wav,y,[0.07972711]
XCSelection,Myrmothera-campanisona-122610.wav,y,[0.32342672]
XCSelection,Myrmothera-campanisona-123124.wav,y,[0.01951322]
XCSelection,Myrmothera-campanisona-270828.wav,y,[0.02564153]
XCSelection,Myrmothera-campanisona-270829.wav,y,[0.00960636]
XCSelection,Myrmothera-campanisona-453628.wav,y,[0.5353677]
XCSelection,Patagioenas-plumbea-106.wav,y,[0.03625116]
XCSelection,Patagioenas-plumbea-754.wav,y,[0.05013654]
XCSelection,Patagioenas-plumbea-22111.wav,y,[0.0138599]
XCSelection,Patagioenas-plumbea-22121.wav,y,[0.03034049]
XCSelection,Patagioenas-plumbea-27810.wav,y,[0.255239]
XCSelection,Patagioenas-plumbea-28114.wav,y,[0.76218915]
XCSelection,Patagioenas-plumbea-45804.wav,y,[0.7204613]
XCSelection,Patagioenas-plumbea-45805.wav,y,[0.5346171]
XCSelection,Patagioenas-plumbea-63292.wav,y,[0.15316293]
XCSelection,Patagioenas-plumbea-63293.wav,y,[0.03582481]
XCSelection,Patagioenas-plumbea-63294.wav,y,[0.03945008]
XCSelection,Patagioenas-plumbea-63295.wav,y,[0.08865216]
XCSelection,Patagioenas-plumbea-63297.wav,y,[0.9609835]
XCSelection,Patagioenas-plumbea-74006.wav,y,[0.01386428]
XCSelection,Patagioenas-plumbea-74007.wav,y,[0.06503066]
XCSelection,Patagioenas-plumbea-82922.wav,y,[0.00794321]
XCSelection,Patagioenas-plumbea-87239.wav,y,[0.6901092]
XCSelection,Patagioenas-plumbea-92491.wav,y,[0.67817366]
XCSelection,Patagioenas-plumbea-103879.wav,y,[0.9924687]
XCSelection,Patagioenas-plumbea-152499.wav,y,[0.00877956]
XCSelection,Patagioenas-plumbea-270879.wav,y,[0.20763806]
XCSelection,Patagioenas-plumbea-270880.wav,y,[0.1440557]
XCSelection,Patagioenas-plumbea-270881.wav,y,[0.03152275]
XCSelection,Patagioenas-plumbea-270883.wav,y,[0.9472108]
XCSelection,Patagioenas-plumbea-453595.wav,y,[0.2983137]
XCSelection,Pheugopedius-genibarbis-11395.wav,y,[0.9719327]
XCSelection,Pheugopedius-genibarbis-14246.wav,y,[0.9887947]
XCSelection,Pheugopedius-genibarbis-23337.wav,y,[0.24085206]
XCSelection,Pheugopedius-genibarbis-23355.wav,y,[0.32221138]
XCSelection,Pheugopedius-genibarbis-31057.wav,y,[0.99276835]
XCSelection,Pheugopedius-genibarbis-31629.wav,y,[0.13962322]
XCSelection,Pheugopedius-genibarbis-35402.wav,y,[0.9908079]
XCSelection,Pheugopedius-genibarbis-39837.wav,y,[0.9545984]
XCSelection,Pheugopedius-genibarbis-64269.wav,y,[0.0981482]
XCSelection,Pheugopedius-genibarbis-64270.wav,y,[0.9850801]
XCSelection,Pheugopedius-genibarbis-64271.wav,y,[0.47861233]
XCSelection,Pheugopedius-genibarbis-74032.wav,y,[0.9928222]
XCSelection,Pheugopedius-genibarbis-74033.wav,y,[0.9808009]
XCSelection,Pheugopedius-genibarbis-74034.wav,y,[0.991189]
XCSelection,Pheugopedius-genibarbis-74035.wav,y,[0.9930047]
XCSelection,Pheugopedius-genibarbis-74036.wav,y,[0.9657643]
XCSelection,Pheugopedius-genibarbis-76093.wav,y,[0.9941155]
XCSelection,Pheugopedius-genibarbis-87829.wav,y,[0.06765524]
XCSelection,Pheugopedius-genibarbis-103878.wav,y,[0.990319]
XCSelection,Pheugopedius-genibarbis-122277.wav,y,[0.28291896]
XCSelection,Pheugopedius-genibarbis-122278.wav,y,[0.93898845]
XCSelection,Pheugopedius-genibarbis-122279.wav,y,[0.95320857]
XCSelection,Pheugopedius-genibarbis-122280.wav,y,[0.9497062]
XCSelection,Pheugopedius-genibarbis-122320.wav,y,[0.9713515]
XCSelection,Pheugopedius-genibarbis-122580.wav,y,[0.9428385]
XCSelection,Pheugopedius-genibarbis-122750.wav,y,[0.15937683]
XCSelection,Pheugopedius-genibarbis-270846.wav,y,[0.99074656]
XCSelection,Pheugopedius-genibarbis-270847.wav,y,[0.98316985]
XCSelection,Pheugopedius-genibarbis-270848.wav,y,[0.9887885]
XCSelection,Pheugopedius-genibarbis-270849.wav,y,[0.99253285]
XCSelection,Pheugopedius-genibarbis-398673.wav,y,[0.02112767]
XCSelection,Pheugopedius-genibarbis-404595.wav,y,[0.9860742]
XCSelection,Pheugopedius-genibarbis-404755.wav,y,[0.42495662]
XCSelection,Pheugopedius-genibarbis-404756.wav,y,[0.90192366]
XCSelection,Pheugopedius-genibarbis-435931.wav,y,[0.7645904]
XCSelection,Pheugopedius-genibarbis-453577.wav,y,[0.99292415]
XCSelection,Pheugopedius-genibarbis-487975.wav,y,[0.9553765]
XCSelection,Phleocryptes-melanops-18579.wav,y,[0.07272395]
XCSelection,Phleocryptes-melanops-22258.wav,y,[0.5129857]
XCSelection,Phleocryptes-melanops-22505.wav,y,[0.01500764]
XCSelection,Phleocryptes-melanops-41178.wav,y,[0.01413375]
XCSelection,Phleocryptes-melanops-41179.wav,y,[0.98900026]
XCSelection,Phleocryptes-melanops-47163.wav,y,[0.56244427]
XCSelection,Phleocryptes-melanops-47165.wav,y,[0.3474834]
XCSelection,Phleocryptes-melanops-47774.wav,y,[0.8985764]
XCSelection,Phleocryptes-melanops-91010.wav,y,[0.95761514]
XCSelection,Phleocryptes-melanops-91031.wav,y,[0.9854397]
XCSelection,Phleocryptes-melanops-92335.wav,y,[0.9929568]
XCSelection,Phleocryptes-melanops-253531.wav,y,[0.90982604]
XCSelection,Phleocryptes-melanops-506426.wav,y,[0.26811513]
XCSelection,Polioptila-plumbea-7300.wav,y,[0.982918]
XCSelection,Polioptila-plumbea-8321.wav,y,[0.14415094]
XCSelection,Polioptila-plumbea-15737.wav,y,[0.97105086]
XCSelection,Polioptila-plumbea-16725.wav,y,[0.8288578]
XCSelection,Polioptila-plumbea-21587.wav,y,[0.8514788]
XCSelection,Polioptila-plumbea-21589.wav,y,[0.9865698]
XCSelection,Polioptila-plumbea-36058.wav,y,[0.99241173]
XCSelection,Polioptila-plumbea-37662.wav,y,[0.9133183]
XCSelection,Polioptila-plumbea-44758.wav,y,[0.9917871]
XCSelection,Polioptila-plumbea-44759.wav,y,[0.9839543]
XCSelection,Polioptila-plumbea-45741.wav,y,[0.99361867]
XCSelection,Polioptila-plumbea-47463.wav,y,[0.02850825]
XCSelection,Polioptila-plumbea-91584.wav,y,[0.9876877]
XCSelection,Polioptila-plumbea-120286.wav,y,[0.9866359]
XCSelection,Polioptila-plumbea-183939.wav,y,[0.92859554]
XCSelection,Polioptila-plumbea-199649.wav,y,[0.9936822]
XCSelection,Psarocolius-angustifrons-462.wav,y,[0.02717078]
XCSelection,Psarocolius-angustifrons-13427.wav,y,[0.04928261]
XCSelection,Psarocolius-angustifrons-27823.wav,y,[0.95266026]
XCSelection,Psarocolius-angustifrons-32139.wav,y,[0.11790863]
XCSelection,Psarocolius-angustifrons-36533.wav,y,[0.63807017]
XCSelection,Psarocolius-angustifrons-45659.wav,y,[0.91920054]
XCSelection,Psarocolius-angustifrons-47467.wav,y,[0.41197854]
XCSelection,Psarocolius-angustifrons-63933.wav,y,[0.05181521]
XCSelection,Psarocolius-angustifrons-63934.wav,y,[0.47285363]
XCSelection,Psarocolius-angustifrons-63935.wav,y,[0.01953605]
XCSelection,Psarocolius-angustifrons-63936.wav,y,[0.00911996]
XCSelection,Psarocolius-angustifrons-63937.wav,y,[0.18410343]
XCSelection,Psarocolius-angustifrons-63938.wav,y,[0.01378211]
XCSelection,Psarocolius-angustifrons-63939.wav,y,[0.06920046]
XCSelection,Psarocolius-angustifrons-74124.wav,y,[0.9784955]
XCSelection,Psarocolius-angustifrons-98371.wav,y,[0.9334108]
XCSelection,Psarocolius-angustifrons-100512.wav,y,[0.95838535]
XCSelection,Psarocolius-angustifrons-122272.wav,y,[0.99192965]
XCSelection,Psarocolius-angustifrons-122273.wav,y,[0.93617344]
XCSelection,Psarocolius-angustifrons-122288.wav,y,[0.9109255]
XCSelection,Psarocolius-angustifrons-122289.wav,y,[0.9197061]
XCSelection,Psarocolius-angustifrons-122301.wav,y,[0.7223028]
XCSelection,Psarocolius-angustifrons-122305.wav,y,[0.9720262]
XCSelection,Psarocolius-angustifrons-122307.wav,y,[0.9353633]
XCSelection,Psarocolius-angustifrons-123096.wav,y,[0.78031397]
XCSelection,Psarocolius-angustifrons-144793.wav,y,[0.98798394]
XCSelection,Psarocolius-angustifrons-453606.wav,y,[0.48716462]
XCSelection,Psarocolius-angustifrons-461338.wav,y,[0.6661788]
XCSelection,Psarocolius-angustifrons-461374.wav,y,[0.3387837]
XCSelection,Saltator-coerulescens-8324.wav,y,[0.03489536]
XCSelection,Saltator-coerulescens-10700.wav,y,[0.90497726]
XCSelection,Saltator-coerulescens-28100.wav,y,[0.9891415]
XCSelection,Saltator-coerulescens-35397.wav,y,[0.01033106]
XCSelection,Saltator-coerulescens-47486.wav,y,[0.96604025]
XCSelection,Saltator-coerulescens-47673.wav,y,[0.9912928]
XCSelection,Saltator-coerulescens-64151.wav,y,[0.9936523]
XCSelection,Saltator-coerulescens-64152.wav,y,[0.9925021]
XCSelection,Saltator-coerulescens-91336.wav,y,[0.9556549]
XCSelection,Saltator-coerulescens-91558.wav,y,[0.59895784]
XCSelection,Saltator-coerulescens-142009.wav,y,[0.26108235]
XCSelection,Saltator-coerulescens-146534.wav,y,[0.99052954]
XCSelection,Saltator-coerulescens-146535.wav,y,[0.9242842]
XCSelection,Saltator-coerulescens-259778.wav,y,[0.75751805]
XCSelection,Saltator-coerulescens-270935.wav,y,[0.934597]
XCSelection,Saltator-coerulescens-270936.wav,y,[0.94662035]
XCSelection,Saltator-coerulescens-270937.wav,y,[0.87799287]
XCSelection,Saltator-coerulescens-407922.wav,y,[0.9924153]
XCSelection,Saltator-coerulescens-441484.wav,y,[0.9927222]
XCSelection,Sciaphylax-hemimelaena-65.wav,y,[0.03005892]
XCSelection,Sciaphylax-hemimelaena-520.wav,y,[0.04790977]
XCSelection,Sciaphylax-hemimelaena-10808.wav,y,[0.01688626]
XCSelection,Sciaphylax-hemimelaena-11893.wav,y,[0.5977758]
XCSelection,Sciaphylax-hemimelaena-13432.wav,y,[0.92392313]
XCSelection,Sciaphylax-hemimelaena-22510.wav,y,[0.01317269]
XCSelection,Sciaphylax-hemimelaena-22914.wav,y,[0.42044222]
XCSelection,Sciaphylax-hemimelaena-25798.wav,y,[0.01538041]
XCSelection,Sciaphylax-hemimelaena-33221.wav,y,[0.09043252]
XCSelection,Sciaphylax-hemimelaena-33222.wav,y,[0.33430654]
XCSelection,Sciaphylax-hemimelaena-63719.wav,y,[0.45256823]
XCSelection,Sciaphylax-hemimelaena-63720.wav,y,[0.01048627]
XCSelection,Sciaphylax-hemimelaena-63721.wav,y,[0.47955197]
XCSelection,Sciaphylax-hemimelaena-63722.wav,y,[0.809277]
XCSelection,Sciaphylax-hemimelaena-63724.wav,y,[0.23558119]
XCSelection,Sciaphylax-hemimelaena-63725.wav,y,[0.01143187]
XCSelection,Sciaphylax-hemimelaena-63729.wav,y,[0.2541107]
XCSelection,Sciaphylax-hemimelaena-65581.wav,y,[0.00840256]
XCSelection,Sciaphylax-hemimelaena-68781.wav,y,[0.977867]
XCSelection,Sciaphylax-hemimelaena-73876.wav,y,[0.8991363]
XCSelection,Sciaphylax-hemimelaena-73877.wav,y,[0.9675534]
XCSelection,Sciaphylax-hemimelaena-73878.wav,y,[0.9547478]
XCSelection,Sciaphylax-hemimelaena-73879.wav,y,[0.36438286]
XCSelection,Sciaphylax-hemimelaena-73880.wav,y,[0.9653461]
XCSelection,Sciaphylax-hemimelaena-73881.wav,y,[0.86075664]
XCSelection,Sciaphylax-hemimelaena-73882.wav,y,[0.9041046]
XCSelection,Sciaphylax-hemimelaena-73883.wav,y,[0.990113]
XCSelection,Sciaphylax-hemimelaena-73884.wav,y,[0.98225725]
XCSelection,Sciaphylax-hemimelaena-73885.wav,y,[0.89139044]
XCSelection,Sciaphylax-hemimelaena-73886.wav,y,[0.9751258]
XCSelection,Sciaphylax-hemimelaena-73887.wav,y,[0.9889424]
XCSelection,Sciaphylax-hemimelaena-73888.wav,y,[0.8921037]
XCSelection,Sciaphylax-hemimelaena-73889.wav,y,[0.98981833]
XCSelection,Sciaphylax-hemimelaena-73890.wav,y,[0.39826292]
XCSelection,Sciaphylax-hemimelaena-73891.wav,y,[0.98666716]
XCSelection,Sciaphylax-hemimelaena-73892.wav,y,[0.9919369]
XCSelection,Sciaphylax-hemimelaena-73893.wav,y,[0.9870614]
XCSelection,Sciaphylax-hemimelaena-73894.wav,y,[0.9942799]
XCSelection,Sciaphylax-hemimelaena-73896.wav,y,[0.8795777]
XCSelection,Sciaphylax-hemimelaena-73897.wav,y,[0.97618914]
XCSelection,Sciaphylax-hemimelaena-73898.wav,y,[0.98931324]
XCSelection,Sciaphylax-hemimelaena-76032.wav,y,[0.91967267]
XCSelection,Sciaphylax-hemimelaena-82805.wav,y,[0.72363675]
XCSelection,Sciaphylax-hemimelaena-83485.wav,y,[0.46317357]
XCSelection,Sciaphylax-hemimelaena-90180.wav,y,[0.47130942]
XCSelection,Sciaphylax-hemimelaena-100505.wav,y,[0.24152339]
XCSelection,Sciaphylax-hemimelaena-122321.wav,y,[0.7172088]
XCSelection,Sciaphylax-hemimelaena-122327.wav,y,[0.68410844]
XCSelection,Sciaphylax-hemimelaena-122620.wav,y,[0.03175205]
XCSelection,Sciaphylax-hemimelaena-123100.wav,y,[0.7652904]
XCSelection,Sciaphylax-hemimelaena-123235.wav,y,[0.30710036]
XCSelection,Sciaphylax-hemimelaena-169642.wav,y,[0.5918193]
XCSelection,Sciaphylax-hemimelaena-226327.wav,y,[0.50170124]
XCSelection,Sciaphylax-hemimelaena-226328.wav,y,[0.9909038]
XCSelection,Sciaphylax-hemimelaena-226329.wav,y,[0.99099076]
XCSelection,Sciaphylax-hemimelaena-404599.wav,y,[0.45713976]
XCSelection,Sciaphylax-hemimelaena-404610.wav,y,[0.8943217]
XCSelection,Sciaphylax-hemimelaena-404935.wav,y,[0.99185395]
XCSelection,Sciaphylax-hemimelaena-453539.wav,y,[0.4784632]
XCSelection,Scytalopus-atratus-5548.wav,y,[0.94347405]
XCSelection,Scytalopus-atratus-7113.wav,y,[0.12380216]
XCSelection,Scytalopus-atratus-7847.wav,y,[0.9839275]
XCSelection,Scytalopus-atratus-8423.wav,y,[0.98797596]
XCSelection,Scytalopus-atratus-10684.wav,y,[0.01225564]
XCSelection,Scytalopus-atratus-10810.wav,y,[0.979077]
XCSelection,Scytalopus-atratus-14471.wav,y,[0.9071081]
XCSelection,Scytalopus-atratus-14519.wav,y,[0.7863016]
XCSelection,Scytalopus-atratus-14520.wav,y,[0.60606915]
XCSelection,Scytalopus-atratus-20697.wav,y,[0.98880255]
XCSelection,Scytalopus-atratus-27853.wav,y,[0.96306384]
XCSelection,Scytalopus-atratus-36259.wav,y,[0.97214496]
XCSelection,Scytalopus-atratus-36260.wav,y,[0.9236799]
XCSelection,Scytalopus-atratus-39825.wav,y,[0.46201906]
XCSelection,Scytalopus-atratus-41575.wav,y,[0.9425087]
XCSelection,Scytalopus-atratus-41576.wav,y,[0.9875656]
XCSelection,Scytalopus-atratus-45662.wav,y,[0.95117986]
XCSelection,Scytalopus-atratus-46796.wav,y,[0.5695679]
XCSelection,Scytalopus-atratus-64180.wav,y,[0.9507179]
XCSelection,Scytalopus-atratus-91061.wav,y,[0.08719221]
XCSelection,Scytalopus-atratus-97277.wav,y,[0.63448226]
XCSelection,Synallaxis-gujanensis-12043.wav,y,[0.9935645]
XCSelection,Synallaxis-gujanensis-14301.wav,y,[0.46722293]
XCSelection,Synallaxis-gujanensis-14302.wav,y,[0.96603453]
XCSelection,Synallaxis-gujanensis-14303.wav,y,[0.983981]
XCSelection,Synallaxis-gujanensis-20672.wav,y,[0.9929637]
XCSelection,Synallaxis-gujanensis-20880.wav,y,[0.40767074]
XCSelection,Synallaxis-gujanensis-27806.wav,y,[0.9909121]
XCSelection,Synallaxis-gujanensis-30583.wav,y,[0.8964435]
XCSelection,Synallaxis-gujanensis-33258.wav,y,[0.23140937]
XCSelection,Synallaxis-gujanensis-33260.wav,y,[0.8892386]
XCSelection,Synallaxis-gujanensis-38964.wav,y,[0.33223546]
XCSelection,Synallaxis-gujanensis-38965.wav,y,[0.14950654]
XCSelection,Synallaxis-gujanensis-39014.wav,y,[0.9741368]
XCSelection,Synallaxis-gujanensis-41182.wav,y,[0.93885905]
XCSelection,Synallaxis-gujanensis-43192.wav,y,[0.01298755]
XCSelection,Synallaxis-gujanensis-44478.wav,y,[0.94867873]
XCSelection,Synallaxis-gujanensis-56756.wav,y,[0.96297276]
XCSelection,Synallaxis-gujanensis-64208.wav,y,[0.48525894]
XCSelection,Synallaxis-gujanensis-64209.wav,y,[0.99346584]
XCSelection,Synallaxis-gujanensis-64210.wav,y,[0.25428873]
XCSelection,Synallaxis-gujanensis-122291.wav,y,[0.9812037]
XCSelection,Synallaxis-gujanensis-122300.wav,y,[0.87620586]
XCSelection,Synallaxis-gujanensis-122303.wav,y,[0.9885859]
XCSelection,Synallaxis-gujanensis-258115.wav,y,[0.61474884]
XCSelection,Synallaxis-gujanensis-270963.wav,y,[0.9322002]
XCSelection,Synallaxis-gujanensis-279483.wav,y,[0.9627674]
XCSelection,Synallaxis-gujanensis-340331.wav,y,[0.99319935]
XCSelection,Synallaxis-gujanensis-436051.wav,y,[0.9307086]
XCSelection,Synallaxis-gujanensis-453591.wav,y,[0.96943015]
XCSelection,Syndactyla-ucayalae-676.wav,y,[0.04108363]
XCSelection,Syndactyla-ucayalae-10045.wav,y,[0.02348536]
XCSelection,Syndactyla-ucayalae-12036.wav,y,[0.0293645]
XCSelection,Syndactyla-ucayalae-12078.wav,y,[0.02000645]
XCSelection,Syndactyla-ucayalae-36576.wav,y,[0.40179417]
XCSelection,Syndactyla-ucayalae-36577.wav,y,[0.9161931]
XCSelection,Syndactyla-ucayalae-39827.wav,y,[0.500163]
XCSelection,Syndactyla-ucayalae-41503.wav,y,[0.03975308]
XCSelection,Syndactyla-ucayalae-47475.wav,y,[0.96904933]
XCSelection,Syndactyla-ucayalae-47476.wav,y,[0.97967523]
XCSelection,Syndactyla-ucayalae-47477.wav,y,[0.33515695]
XCSelection,Syndactyla-ucayalae-61028.wav,y,[0.00657624]
XCSelection,Syndactyla-ucayalae-61029.wav,y,[0.95002055]
XCSelection,Syndactyla-ucayalae-64189.wav,y,[0.0323292]
XCSelection,Syndactyla-ucayalae-74184.wav,y,[0.846292]
XCSelection,Syndactyla-ucayalae-74185.wav,y,[0.96543217]
XCSelection,Syndactyla-ucayalae-74186.wav,y,[0.09094474]
XCSelection,Syndactyla-ucayalae-122760.wav,y,[0.00925601]
XCSelection,Syndactyla-ucayalae-122761.wav,y,[0.1254848]
XCSelection,Syndactyla-ucayalae-122762.wav,y,[0.1828813]
XCSelection,Syndactyla-ucayalae-453590.wav,y,[0.09085059]
XCSelection,Syndactyla-ucayalae-461498.wav,y,[0.94672394]
XCSelection,Thamnomanes-schistogynus-63.wav,y,[0.05453038]
XCSelection,Thamnomanes-schistogynus-529.wav,y,[0.6520728]
XCSelection,Thamnomanes-schistogynus-939.wav,y,[0.00972363]
XCSelection,Thamnomanes-schistogynus-13383.wav,y,[0.16486305]
XCSelection,Thamnomanes-schistogynus-14451.wav,y,[0.766731]
XCSelection,Thamnomanes-schistogynus-25796.wav,y,[0.08435592]
XCSelection,Thamnomanes-schistogynus-35399.wav,y,[0.10047743]
XCSelection,Thamnomanes-schistogynus-35400.wav,y,[0.3267918]
XCSelection,Thamnomanes-schistogynus-41525.wav,y,[0.7365025]
XCSelection,Thamnomanes-schistogynus-64246.wav,y,[0.65235305]
XCSelection,Thamnomanes-schistogynus-64247.wav,y,[0.00811201]
XCSelection,Thamnomanes-schistogynus-64248.wav,y,[0.02186558]
XCSelection,Thamnomanes-schistogynus-69623.wav,y,[0.92368686]
XCSelection,Thamnomanes-schistogynus-76073.wav,y,[0.9486693]
XCSelection,Thamnomanes-schistogynus-100359.wav,y,[0.01844767]
XCSelection,Thamnomanes-schistogynus-122589.wav,y,[0.94191694]
XCSelection,Thamnomanes-schistogynus-122621.wav,y,[0.90095615]
XCSelection,Thamnomanes-schistogynus-122766.wav,y,[0.9791604]
XCSelection,Thamnomanes-schistogynus-230656.wav,y,[0.76473284]
XCSelection,Thamnomanes-schistogynus-270969.wav,y,[0.94455385]
XCSelection,Thamnomanes-schistogynus-270970.wav,y,[0.75173444]
XCSelection,Thamnomanes-schistogynus-404596.wav,y,[0.9427663]
XCSelection,Thamnomanes-schistogynus-404603.wav,y,[0.98038673]
XCSelection,Thamnomanes-schistogynus-404604.wav,y,[0.99342394]
XCSelection,Thamnomanes-schistogynus-404769.wav,y,[0.9346015]
XCSelection,Thamnomanes-schistogynus-453530.wav,y,[0.9704308]
XCSelection,Troglodytes-aedon-245.wav,y,[0.30933672]
XCSelection,Troglodytes-aedon-5599.wav,y,[0.98727065]
XCSelection,Troglodytes-aedon-20776.wav,y,[0.78141934]
XCSelection,Troglodytes-aedon-20804.wav,y,[0.61433965]
XCSelection,Troglodytes-aedon-34397.wav,y,[0.99233425]
XCSelection,Troglodytes-aedon-36225.wav,y,[0.96047616]
XCSelection,Troglodytes-aedon-36542.wav,y,[0.99402416]
XCSelection,Troglodytes-aedon-37679.wav,y,[0.9931395]
XCSelection,Troglodytes-aedon-37682.wav,y,[0.9942975]
XCSelection,Troglodytes-aedon-45230.wav,y,[0.994046]
XCSelection,Troglodytes-aedon-47521.wav,y,[0.99419427]
XCSelection,Troglodytes-aedon-47522.wav,y,[0.9773596]
XCSelection,Troglodytes-aedon-83502.wav,y,[0.99283034]
XCSelection,Troglodytes-aedon-121299.wav,y,[0.98888856]
XCSelection,Troglodytes-aedon-152898.wav,y,[0.85429007]
XCSelection,Troglodytes-aedon-277043.wav,y,[0.545401]
XCSelection,Troglodytes-aedon-377484.wav,y,[0.9943173]
XCSelection,Troglodytes-aedon-461500.wav,y,[0.99372065]
XCSelection,Troglodytes-aedon-461511.wav,y,[0.9940673]
XCSelection,Troglodytes-solstitialis-9293.wav,y,[0.99258786]
XCSelection,Troglodytes-solstitialis-20786.wav,y,[0.9907169]
XCSelection,Troglodytes-solstitialis-20787.wav,y,[0.9922535]
XCSelection,Troglodytes-solstitialis-36087.wav,y,[0.98618233]
XCSelection,Troglodytes-solstitialis-36281.wav,y,[0.31291795]
XCSelection,Troglodytes-solstitialis-36543.wav,y,[0.85783195]
XCSelection,Troglodytes-solstitialis-47182.wav,y,[0.8799821]
XCSelection,Troglodytes-solstitialis-47524.wav,y,[0.9936496]
XCSelection,Troglodytes-solstitialis-47525.wav,y,[0.96439564]
XCSelection,Troglodytes-solstitialis-47526.wav,y,[0.9938606]
XCSelection,Troglodytes-solstitialis-83757.wav,y,[0.98791766]
XCSelection,Troglodytes-solstitialis-152909.wav,y,[0.9423193]
XCSelection,Troglodytes-solstitialis-152910.wav,y,[0.42397994]
XCSelection,Troglodytes-solstitialis-152915.wav,y,[0.612158]
XCSelection,Troglodytes-solstitialis-152964.wav,y,[0.89945793]
XCSelection,Troglodytes-solstitialis-231608.wav,y,[0.8327329]
XCSelection,Turdus-hauxwelli-99.wav,y,[0.86896026]
XCSelection,Turdus-hauxwelli-541.wav,y,[0.9376681]
XCSelection,Turdus-hauxwelli-14121.wav,y,[0.6574631]
XCSelection,Turdus-hauxwelli-23385.wav,y,[0.04509029]
XCSelection,Turdus-hauxwelli-39839.wav,y,[0.9839856]
XCSelection,Turdus-hauxwelli-64333.wav,y,[0.00904995]
XCSelection,Turdus-hauxwelli-64334.wav,y,[0.84806347]
XCSelection,Turdus-hauxwelli-64335.wav,y,[0.7703621]
XCSelection,Turdus-hauxwelli-64336.wav,y,[0.98248905]
XCSelection,Turdus-hauxwelli-64337.wav,y,[0.9425072]
XCSelection,Turdus-hauxwelli-64338.wav,y,[0.9533617]
XCSelection,Turdus-hauxwelli-64339.wav,y,[0.8824556]
XCSelection,Turdus-hauxwelli-64340.wav,y,[0.5666636]
XCSelection,Turdus-hauxwelli-64341.wav,y,[0.95902836]
XCSelection,Turdus-hauxwelli-64342.wav,y,[0.7439428]
XCSelection,Turdus-hauxwelli-64343.wav,y,[0.9814391]
XCSelection,Turdus-hauxwelli-64344.wav,y,[0.46762308]
XCSelection,Turdus-hauxwelli-64345.wav,y,[0.08638439]
XCSelection,Turdus-hauxwelli-64346.wav,y,[0.8286406]
XCSelection,Turdus-hauxwelli-64347.wav,y,[0.66739166]
XCSelection,Turdus-hauxwelli-64348.wav,y,[0.98723173]
XCSelection,Turdus-hauxwelli-74291.wav,y,[0.87691844]
XCSelection,Turdus-hauxwelli-122651.wav,y,[0.22088322]
XCSelection,Turdus-hauxwelli-158317.wav,y,[0.9895338]
XCSelection,Turdus-hauxwelli-167616.wav,y,[0.06534183]
XCSelection,Turdus-hauxwelli-259220.wav,y,[0.879007]
XCSelection,Turdus-hauxwelli-259221.wav,y,[0.10444596]
XCSelection,Turdus-hauxwelli-404757.wav,y,[0.9863914]
XCSelection,Turdus-hauxwelli-404764.wav,y,[0.99378043]
XCSelection,Xiphorhynchus-guttatus-84.wav,y,[0.78785944]
XCSelection,Xiphorhynchus-guttatus-195.wav,y,[0.00963867]
XCSelection,Xiphorhynchus-guttatus-254.wav,y,[0.01754552]
XCSelection,Xiphorhynchus-guttatus-711.wav,y,[0.01173803]
XCSelection,Xiphorhynchus-guttatus-8372.wav,y,[0.04061937]
XCSelection,Xiphorhynchus-guttatus-14111.wav,y,[0.08170664]
XCSelection,Xiphorhynchus-guttatus-36546.wav,y,[0.9247911]
XCSelection,Xiphorhynchus-guttatus-39845.wav,y,[0.9873953]
XCSelection,Xiphorhynchus-guttatus-47812.wav,y,[0.5527875]
XCSelection,Xiphorhynchus-guttatus-64376.wav,y,[0.78716195]
XCSelection,Xiphorhynchus-guttatus-64377.wav,y,[0.35328048]
XCSelection,Xiphorhynchus-guttatus-64378.wav,y,[0.9725549]
XCSelection,Xiphorhynchus-guttatus-64379.wav,y,[0.00791061]
XCSelection,Xiphorhynchus-guttatus-64380.wav,y,[0.13313189]
XCSelection,Xiphorhynchus-guttatus-64381.wav,y,[0.29496855]
XCSelection,Xiphorhynchus-guttatus-64382.wav,y,[0.3371485]
XCSelection,Xiphorhynchus-guttatus-64383.wav,y,[0.30427766]
XCSelection,Xiphorhynchus-guttatus-64384.wav,y,[0.9925561]
XCSelection,Xiphorhynchus-guttatus-64385.wav,y,[0.03723201]
XCSelection,Xiphorhynchus-guttatus-271014.wav,y,[0.08327183]
XCSelection,Xiphorhynchus-guttatus-271015.wav,y,[0.6883845]
XCSelection,Xiphorhynchus-guttatus-271016.wav,y,[0.50124246]
XCSelection,Xiphorhynchus-guttatus-305391.wav,y,[0.9827179]
XCSelection,Xiphorhynchus-guttatus-367444.wav,y,[0.02597889]
XCSelection,Xiphorhynchus-guttatus-404593.wav,y,[0.9912376]
XCSelection,Xiphorhynchus-guttatus-404597.wav,y,[0.9686886]
XCSelection,Xiphorhynchus-guttatus-404608.wav,y,[0.9879317]
XCSelection,Xiphorhynchus-guttatus-404761.wav,y,[0.98717344]
XCSelection,Xiphorhynchus-guttatus-404925.wav,y,[0.6834761]
XCSelection,Xiphorhynchus-guttatus-461492.wav,y,[0.86329997]
XCSelection,Zonotrichia-capensis-28610.wav,y,[0.5917822]
XCSelection,Zonotrichia-capensis-28662.wav,y,[0.9663731]
XCSelection,Zonotrichia-capensis-28862.wav,y,[0.99158025]
XCSelection,Zonotrichia-capensis-28908.wav,y,[0.97048885]
XCSelection,Zonotrichia-capensis-30086.wav,y,[0.9941609]
XCSelection,Zonotrichia-capensis-30153.wav,y,[0.9942496]
XCSelection,Zonotrichia-capensis-33262.wav,y,[0.8889891]
XCSelection,Zonotrichia-capensis-33263.wav,y,[0.9943949]
XCSelection,Zonotrichia-capensis-39012.wav,y,[0.9907986]
XCSelection,Zonotrichia-capensis-47546.wav,y,[0.99317545]
XCSelection,Zonotrichia-capensis-47547.wav,y,[0.9908597]
XCSelection,Zonotrichia-capensis-47548.wav,y,[0.98477435]
XCSelection,Zonotrichia-capensis-47549.wav,y,[0.9938034]
XCSelection,Zonotrichia-capensis-65591.wav,y,[0.9932507]
XCSelection,Zonotrichia-capensis-236400.wav,y,[0.989991]
XCSelection,Zonotrichia-capensis-277042.wav,y,[0.99300575]
XCSelection,Zonotrichia-capensis-377482.wav,y,[0.99408436]
XCSelection,Zonotrichia-capensis-377483.wav,y,[0.99415916]
